static const char kernel_config_data[] __used = MAGIC_START
	"\x1f\x8b\x08\x00\x00\x00\x00\x00\x02\x03\x94\x3c\xcb\x76\xdb\xb8"
	"\x92\xfb\xfe\x0a\x1d\xf7\x2c\x66\x16\x9d\x58\xb2\x22\x3b\x67\x8e"
	"\x17\x20\x09\x4a\x18\x91\x04\x03\x80\x92\xed\x0d\x8f\xe2\x28\xdd"
	"\x3e\xd7\x8f\x5c\x59\xee\x7b\x33\x5f\x3f\x55\x00\x29\x02\x24\x40"
	"\x67\x7a\x91\x36\xab\x0a\x85\x57\xa1\x5e\x28\xe8\xf7\xdf\x7e\x9f"
	"\x90\xb7\xe3\xcb\xd3\xee\xf8\x70\xbf\x7b\x7c\xfc\x39\xf9\x73\xff"
	"\xbc\x3f\xec\x8e\xfb\x6f\x93\xef\x0f\x8f\xfb\xff\x9e\x24\x7c\x52"
	"\x70\x35\xa1\x09\x53\x1f\x80\x38\x7b\x78\x7e\xfb\xf7\xc7\xdd\xe1"
	"\x69\x31\x9f\xcc\x3f\x7c\xfe\x70\x71\x71\x39\x59\xef\x0f\xcf\xfb"
	"\xc7\x49\xfc\xf2\xfc\xfd\xe1\xcf\x37\x68\xfc\xf0\xf2\xfc\xdb\xef"
	"\xbf\xc5\xbc\x48\xd9\xb2\xe6\x65\x56\xc9\x5a\xde\x4a\x45\xf3\x7a"
	"\x4d\x45\x41\xb3\xfa\x4b\xcc\xf3\xeb\x9f\x2d\x05\x11\xf9\x62\xde"
	"\x7d\x2e\xe6\x11\x53\x36\x36\x5e\xd5\xe5\xea\x56\xd6\x24\x49\x44"
	"\xad\xfa\xf8\x3c\xaf\xba\x8f\x84\x46\xd5\xb2\x16\x3c\x21\x8a\xf4"
	"\x3a\xa8\x4b\xb2\xa4\xb5\x5c\xb1\x54\x5d\x4f\x67\x2e\x0a\x3e\x54"
	"\x83\x9a\x3b\xfd\xe6\x39\x29\x6b\x51\x24\x35\x74\x29\xeb\x9c\x15"
	"\xd7\xd3\xab\x31\x02\x72\x73\x3d\x0b\x70\x80\x29\x97\x44\x59\x8c"
	"\xa6\xbf\x40\x07\xfc\xa6\x8b\x96\x8e\x65\x19\x5d\x92\xac\x2e\x39"
	"\x2b\x14\x15\xf5\x86\x64\x15\xbd\x3e\xff\xf7\xb7\xfd\xee\xdb\xb9"
	"\xf5\x5f\x4b\x2f\x15\x89\xd7\x4a\x90\x18\xa6\x5d\x95\x25\x17\xd6"
	"\xaa\x65\x3c\x5e\x27\xb4\x1c\x22\x0c\x3d\x13\x5f\xd2\x8c\x2c\xe5"
	"\x10\x2f\xb6\x12\xf6\xf1\x26\x5e\x2d\x61\x3b\x6a\x92\x2d\xb9\x60"
	"\x6a\x65\xed\xe6\x92\x16\x54\xb0\xb8\x86\x8d\xf0\x02\x6b\x41\x33"
	"\xa2\xd8\x86\xb6\xf3\x90\x43\xb2\xd5\x96\xb2\xe5\x4a\x0d\x11\xb1"
	"\xac\x3c\x5d\xc5\x24\x63\x91\x20\x8a\xc2\xfe\x67\xe4\xb6\x23\xb8"
	"\xe3\x05\xc0\x72\x4b\x14\x56\x04\x3a\x6e\xdb\x89\xb8\xaa\x97\x55"
	"\xd9\x93\x35\xa0\x0f\x88\x5a\x41\x69\xa2\xd1\xb8\x57\xb0\xba\x8a"
	"\xf6\x70\x72\xa9\xd1\x19\x2d\x96\x6a\xd5\xe1\x64\x6e\xf5\x21\xb7"
	"\x8c\xab\x2c\xea\x00\x8c\x83\x08\xd7\x2b\x9a\x95\x54\x74\xd0\xe6"
	"\xa4\xe4\x3c\xa1\xc0\x9b\x17\x1d\x26\x65\x37\x35\x25\x22\xbb\x85"
	"\xef\x3a\xa7\xd6\x7a\x94\x4b\x45\xa2\x8c\x42\xff\x1b\x9a\xc9\xeb"
	"\x8b\xee\x54\xa4\xed\xb6\x33\xa9\xae\xcf\x3e\x3e\x3e\x7c\xfd\xf8"
	"\xf4\xf2\xed\xed\x71\xff\xfa\xf1\x3f\xaa\x82\xe4\x14\x77\x85\x12"
	"\x49\x3f\x7e\xb8\xd7\xc7\xf8\xec\x34\x3a\xf1\xa5\xde\x72\xb1\xee"
	"\x7a\x89\x2a\x96\x25\x8a\x41\x1b\x7a\x63\xfa\x93\xae\x04\xad\x04"
	"\x25\x49\xcd\x8a\x94\xc3\x3f\xb5\x22\x12\x1b\x83\x42\xf8\x7d\xb2"
	"\xd4\xca\xe5\x71\xf2\xba\x3f\xbe\xfd\xe8\x54\x04\x2b\x98\xaa\x69"
	"\xb1\x81\xf5\xc7\x21\xe6\xb0\xe6\x17\xa7\x13\x1a\x0b\x2e\xa5\x3e"
	"\x15\x2c\xa3\xd7\x67\x67\xc0\xa6\xc5\x18\x58\xad\xa8\x54\x93\x87"
	"\xd7\xc9\xf3\xcb\x11\x39\x5b\x22\x4e\xb2\x0d\xc8\x17\x83\xd5\x3b"
	"\xfb\x63\xb5\x7b\xfc\x7e\xff\xf8\xf6\xd5\x62\x60\x53\xd4\xa4\x52"
	"\xdc\xc3\x05\xd6\x8e\x54\x99\xaa\x57\x5c\x2a\x5c\xa8\xeb\xb3\xff"
	"\x7c\x7e\x79\xde\xff\xd7\x59\xb7\x9f\xc4\xde\xdd\x5b\xb9\x61\x65"
	"\x3c\x00\xe0\xff\x63\x95\x01\xfc\xd4\x7b\xc9\x25\xec\x64\xfe\xa5"
	"\xa2\x15\xf5\x74\x6c\xe6\x0d\xfb\xcb\xc5\x6d\x4d\x14\x9c\xe5\x95"
	"\xdd\x3a\x5d\x91\x22\xc9\x9c\x86\x27\x5c\x25\x29\x1c\x08\x0f\x4f"
	"\x52\x25\xb6\x3c\xeb\xc3\xa0\x65\x5e\x23\x70\x88\x24\x73\xc6\x68"
	"\xc3\x6d\x7e\x7a\x37\x41\x34\x26\xaf\x6f\x5f\x5f\x7f\xbe\x1e\xf7"
	"\x4f\xdd\x6e\xb6\xa7\x0b\x25\xa7\x14\x3c\xa2\xc3\x03\x8b\x28\xb9"
	"\xe2\xdb\x30\xc6\xc8\xb0\x1f\x9f\xb3\x25\x1c\x76\x66\x9f\x89\x15"
	"\x11\x09\xa0\x40\x5f\x6d\x41\x92\x25\x2d\x12\xeb\x7c\x41\x93\x84"
	"\xe7\x84\x15\x3e\x58\xbd\x62\x54\xe0\x1a\xdc\x0e\x3b\xcb\x25\x43"
	"\xca\x20\x62\xc0\xd6\xec\x49\xcb\xd9\x34\x3d\xad\xa5\xd5\xa7\x36"
	"\x53\x9e\xfd\x41\x92\x94\x8b\x18\x54\x89\x39\x45\xac\xb0\x94\xa8"
	"\x2c\x89\x90\xd4\x1d\x91\xde\xbd\x18\xb5\xb9\xe4\x15\x34\xac\x5d"
	"\xcb\xd7\x0e\x58\x1f\xd7\x4d\xb7\xc1\x7d\x05\x8a\x0c\x60\xc1\x0b"
	"\x25\x7b\xac\x57\x44\x42\xe3\x78\x5d\x47\x82\x93\x24\x26\x52\x8d"
	"\xb6\x76\xc8\xb4\x90\xa8\x87\xa7\xfd\xe1\xd5\x27\x27\x9a\x2d\x28"
	"\x68\xd8\x6e\x5b\xc7\xf2\x7a\x75\x87\x47\x3b\xd7\xfb\x7b\x5a\x3d"
	"\x00\x82\x7e\x64\x3c\x61\xb1\x67\xe1\x4c\x2b\x06\x8b\x6f\xb7\x31"
	"\xd0\xb4\x72\x65\xd7\x46\x5a\x5b\x07\x06\x07\x45\x47\x2f\x95\xb6"
	"\x49\x7a\xf8\x71\x59\x7d\x54\xbb\xd7\x7f\x4c\x8e\x30\x8f\xc9\xee"
	"\xf9\xdb\xe4\xf5\xb8\x3b\xbe\x4e\x76\xf7\xf7\x2f\x6f\xcf\xc7\x87"
	"\xe7\x3f\x7b\x13\x82\x06\x35\x89\x63\x5e\x15\xca\x6c\xde\x69\x34"
	"\x1b\x26\x54\x0f\x8d\x4b\x18\x10\x03\xbd\x63\x0e\xa3\x56\x0a\xe2"
	"\x15\x88\xc7\x96\x64\xca\x66\x1e\xc9\x04\x0f\x5b\x4c\x41\x67\x40"
	"\x2b\x9f\x3e\x44\x45\x8c\x46\x4b\xda\xed\x10\x68\xac\xe6\x58\xb3"
	"\xfa\x06\x91\x96\x8a\x47\x18\xe3\xde\xf1\x95\x92\x39\x5a\x0e\x8e"
	"\x4a\xab\x43\x13\x26\xd1\x5e\x24\x03\x4d\x02\x86\x78\x22\x87\x12"
	"\x52\x0a\x4a\xf3\x52\xa1\x9d\xb6\x1c\x10\x30\xda\xf4\x06\x64\xc1"
	"\x1a\x8f\x34\x14\xce\xac\x24\x52\x7a\xe6\x83\xed\x61\x19\xb2\xac"
	"\x13\x32\x0b\x93\x92\x82\x57\xea\x7a\x31\x1f\x02\x41\x25\x91\xd4"
	"\x72\xc7\x0c\x46\xaa\x93\x24\x75\xdd\xc3\xb8\x35\x5a\x3b\x53\x5e"
	"\x15\x8d\xd8\x88\x73\xaf\xe1\x42\xdc\xba\xb1\xa2\x25\x88\xfc\xf5"
	"\xb9\x8d\x29\x78\x1c\xa1\x18\xd9\x1d\xda\x70\xf8\xa3\x08\xf7\x79"
	"\xa2\xba\xa3\x82\x07\xfa\x3e\xd1\x38\xba\x42\x9b\x7d\x70\x4b\x8b"
	"\x99\x65\xdd\xd8\xda\xfc\x31\x84\x68\x69\x74\xd4\xdf\x7a\x05\x13"
	"\x82\xa3\xe5\x35\xd5\xc8\x3f\x6d\xbd\xf3\x4b\xdb\xc6\x17\x92\x83"
	"\x4a\x4d\x21\x88\x58\x81\xb6\x00\x3b\xac\x20\xa0\x58\x06\x98\xe0"
	"\xa8\xc1\x69\x76\x99\xf5\xd4\x95\x39\x40\x5a\x69\xf5\x94\x5d\xe3"
	"\xec\xca\xba\xa8\xc0\x8b\x8b\x48\x46\x8a\xd8\x91\xed\x78\x29\x78"
	"\x55\x3a\x07\xc8\x80\x82\x1a\xbd\x41\xa7\x20\x11\x77\xda\xbd\xeb"
	"\x37\x2c\x59\x22\xbd\xbb\x75\x62\xbc\x61\xb1\xd7\x3f\x28\xc1\xcc"
	"\xdb\xfa\x1a\x17\x1c\xd9\x35\x98\xfe\xa8\x11\xec\x9e\xe2\x06\xae"
	"\xd7\x43\x55\x85\x65\xa7\x75\xa8\xa4\x8f\xb6\xed\x92\x82\x2f\x12"
	"\x2f\x7b\x9f\x3d\xf7\xa7\x83\x81\x3f\xa7\xcf\xba\x25\x40\xd9\xba"
	"\xe9\xd2\x5e\x06\x13\xb1\x75\xb8\xf0\x1a\x6e\x21\xd0\xa0\x11\xb1"
	"\x77\xcd\x9e\x81\xe5\x20\x13\x26\x6a\x2f\x06\x14\xb0\x0b\x1f\xec"
	"\x06\x15\x69\x78\x04\x51\x99\x5a\x3a\x87\xc7\xeb\xd3\x26\x39\x46"
	"\xb7\x11\x30\x2e\x60\x0d\x5d\x97\xcf\xc2\x08\x8e\xf1\x83\x7f\xe7"
	"\x57\x34\x5e\xeb\xe0\x08\x0d\x92\x02\x6a\x9f\xf9\x02\x5f\x14\x1c"
	"\x02\x50\xf8\x5d\xc7\x15\x8a\xae\xf5\x8d\x7e\x67\xe1\x48\x2b\x08"
	"\x86\x00\x90\xb7\x5b\x14\x9d\xc2\x77\x3a\x0b\xaa\x1c\xb6\x66\x16"
	"\xe8\x2f\xb7\xbb\xe9\x20\x5c\x51\x6a\x75\x3f\xf4\x5c\xe3\x01\x5c"
	"\x82\xa1\xd9\x12\xe1\xd8\x69\xf0\x4b\x52\x09\x94\xa0\xef\x63\x58"
	"\x94\xc4\xa7\x97\xdc\xc0\x0e\xe5\x05\x4e\x86\x8e\x1c\x84\xed\xeb"
	"\xe1\x37\xc9\x81\x9b\x71\x87\x30\x5e\x68\x39\x24\xf5\xf2\x8e\x59"
	"\xa3\x05\x40\x04\x80\x99\x03\xc9\xee\x74\xb4\xd8\xe9\xcc\xa4\xbe"
	"\xb9\xf3\x6b\x53\x24\xf6\xaa\x50\x44\x58\xf9\x8c\x38\xae\x79\x09"
	"\xe6\x9c\xdd\x51\x74\xee\xb4\x8c\x71\x91\x83\x6e\x71\x16\xa1\x4f"
	"\x26\xe1\x0f\x0f\xf7\x53\x1c\x61\xfb\xf0\x15\x4b\xa6\x0b\x27\xe6"
	"\x00\x1a\xb0\x92\x31\x2d\xd1\x4f\x36\x76\xc8\x5a\x3d\x5b\x8e\xfb"
	"\xb6\xb4\xc7\x2b\x87\xcd\x63\x28\x36\xce\x86\x2d\xa9\xca\xd1\x07"
	"\xf0\x84\x06\xce\x9e\x7a\x42\x8a\x66\x70\xe1\x96\x6b\x00\xcb\xdb"
	"\xdc\x12\xb8\x16\x52\xf7\x58\x75\xf0\x08\x8c\x44\x05\xf1\x3f\x4c"
	"\x05\xd4\xdc\x08\x53\xd0\xea\x92\x9e\x52\x10\xb6\xf2\x84\xe3\xe6"
	"\x04\xb9\x96\xa6\xa3\x59\xaa\x0f\xad\x85\x46\x2e\xe8\x58\x5a\x5a"
	"\x07\xfa\xbf\xb1\xda\x94\xdc\xc6\x4a\xb6\x2c\x48\x96\x5a\xa2\xaa"
	"\xfd\x4c\x1b\xa0\x3d\x68\x1b\x00\xdb\x54\x0f\x5c\x76\xb9\x72\x42"
	"\x7e\x02\xee\x41\xf7\x91\x6c\x18\x8c\xab\x69\xe3\x1c\x7c\xe4\x55"
	"\x15\x30\xcb\xcd\xe9\x44\xf2\x34\x0d\x45\x8f\x42\x53\xa4\xbe\x83"
	"\x58\xc6\xac\xfe\x52\x31\xb1\x96\x8e\xd6\x8f\x88\x10\xcc\x36\x16"
	"\x00\xa2\x49\x62\x2b\x5f\x2d\xa9\x28\xfc\xf5\x29\xd2\xd0\xce\x5f"
	"\x93\x3e\x2c\xf7\x87\xef\x2f\x87\xa7\xdd\xf3\xfd\x7e\x42\xff\xde"
	"\x3f\x83\x93\x4d\xc0\xdd\x8e\xd1\xcd\x86\x08\xc2\xf2\x0a\x1d\x16"
	"\x9d\xfa\x42\xb0\xd6\x6f\x12\xa2\x41\xbf\x66\x35\xc6\xa6\xa5\xac"
	"\x37\x39\x2c\x13\xf7\xc5\x13\x9b\xdc\xf4\xd0\x1a\x41\xa7\x27\x99"
	"\x55\xd1\xd0\xe0\x5b\x68\x12\xe9\xec\xd0\x28\x0d\xb0\x68\x8c\xa5"
	"\x3e\x28\xbc\xf0\x9b\x82\x26\x19\x28\xd6\xc1\xae\x7c\x67\x0f\xb8"
	"\xbb\x03\xe6\x51\x78\xa8\xe8\x9b\x60\x5e\xa8\x16\x10\xbd\xf2\x3c"
	"\xc0\x4f\xbb\x56\x10\x80\x2a\x46\x32\x47\xd3\x60\x5a\x17\xed\x5f"
	"\xbd\x01\xef\x2a\x65\x71\x2f\x32\x07\xaf\x24\x65\x99\xe3\x45\x69"
	"\x6d\xa4\xed\x9b\xb3\xac\x6b\x9d\x2c\xf0\xdb\xa6\xff\xa9\xf2\xb2"
	"\x86\xc1\xd2\xcc\x2f\xb2\x23\x4d\xb5\xd8\xe9\x44\x1e\xa8\x0f\x38"
	"\x85\x68\xba\x62\x8c\x93\x3c\x13\xd5\xb4\x34\x85\x59\x30\xdc\xfc"
	"\xaa\x70\x5b\xf4\x64\xb9\x19\x70\x1f\x2a\xa8\xf2\x22\xb4\x8b\xa9"
	"\xe7\xbe\xe2\x7c\xdd\x43\x62\xda\x10\xb3\xd0\x6c\x59\xf1\xca\x93"
	"\x11\x95\x30\x7f\x0c\x6f\x9b\xbc\x80\x27\x31\x82\x48\xd4\x39\x35"
	"\xf8\x7e\x83\x9c\x26\x86\xf1\x60\x54\x14\x4b\x6f\x5b\xcb\xe8\xf6"
	"\x2f\xe8\x12\xd4\x68\x91\x98\xa4\x71\x33\xdf\x9a\x94\xac\x47\x17"
	"\x67\xbe\x91\x03\x9d\x11\xf6\x1e\x6e\xb5\x05\xd1\xa5\xc4\x38\x33"
	"\x3e\x4d\x80\xdd\xfa\xe0\xe6\x1c\xeb\xa1\x24\x95\x9d\x3d\xed\x56"
	"\xb2\x13\x89\xfe\x54\x30\xf0\xd2\x79\x49\x94\xec\x7e\xd3\x66\x43"
	"\xa5\x12\x55\xac\xb4\xa3\xdb\x9f\x61\x5e\x62\x76\xdb\x24\x07\x03"
	"\xb8\x84\x57\x51\x46\x7b\x6b\xbc\x25\x5a\x5f\xe8\x03\x8b\x9e\x97"
	"\xc9\xd6\xb4\x09\x48\xcf\x0c\x24\x8d\x91\xbc\x86\xf3\xe1\xf8\xd9"
	"\x21\xb8\xc9\x5d\x83\x9f\x80\x01\x10\x73\x1d\x3b\x0b\x1c\x92\x6b"
	"\xa0\xd0\x2b\x0a\xc2\xa9\x68\x0c\x6e\xa5\xe3\xa2\x0c\x50\xb6\x63"
	"\xe2\x22\xc3\x11\xe6\x90\x14\x36\xb8\xca\x88\xf0\xf9\xd4\x03\x5a"
	"\xd8\x13\xee\xa6\x4c\x32\x6f\x4a\xd6\x8d\xd5\x80\x06\xa4\x92\xd8"
	"\x0a\x06\x41\x38\xc6\x1e\x2b\x43\x16\x5c\x1e\x38\x7d\xf4\x46\xe9"
	"\x13\xba\x76\xf4\x95\x46\x07\xb2\x37\x3d\xaa\xd1\xcc\x8d\xa3\x05"
	"\x0a\xcc\xe6\xa1\x92\x59\x55\x4b\xea\x11\x43\x73\x6c\x01\x87\x56"
	"\xaa\x7f\x00\x72\x9e\x34\xab\x50\xd2\x18\x95\xae\x65\x8b\x79\x52"
	"\x65\x54\x1a\x7f\x3b\x4b\xb5\xab\xe3\x51\x06\x1a\xa5\xf5\x3d\xb8"
	"\x99\xbe\xae\x9d\x8b\xad\x1e\x03\x17\xd7\xdd\x88\x79\x5a\x5b\xb7"
	"\x59\x21\x26\x36\xc9\x74\xd1\x53\xdc\xed\x80\x57\x5e\x79\x63\x12"
	"\xc2\xf4\x4a\xeb\x29\x9f\x84\x65\x78\xfd\x83\x11\x23\x04\x1c\x89"
	"\xd5\x3f\xcf\x12\x74\xc8\x64\x05\xcb\x57\x24\x17\xd6\x39\x30\x43"
	"\x69\xf0\x24\x76\x4d\x99\xb9\xc9\x14\x9c\x2b\x13\xa2\xf5\x31\x39"
	"\xee\x38\x84\x26\x7c\x88\xa2\x37\x34\x86\xd9\x78\x71\x26\x75\x0a"
	"\x36\x2c\xe3\xb6\x62\x6f\xee\x4d\x69\x5c\x41\xb4\xb8\xac\x88\x70"
	"\xe3\x55\x9d\xe8\xb1\x6c\x55\x9a\x8e\x98\x3f\xbd\x8a\x9b\xe6\xd6"
	"\x2a\x5e\x0f\xf2\x6f\xcb\x98\x6f\xfe\xf8\xba\x7b\xdd\x7f\x9b\xfc"
	"\xc3\x78\x63\x3f\x0e\x2f\xdf\x1f\x1e\x4d\x7a\xd3\x52\x32\x7c\xd3"
	"\x5c\x4c\x85\x8e\x25\xca\x96\x26\x33\x76\x9f\xba\x39\x24\xe7\xf6"
	"\xcd\x98\xbc\x15\xc5\x53\xe0\x84\xe8\x39\x7a\xd2\xb6\xf9\xd4\xde"
	"\xb6\x44\x67\xad\x4b\x85\x35\x72\x6e\xaf\x89\x01\x99\x04\x7a\x8d"
	"\x8b\xe9\x19\x64\x43\x53\x15\xee\x62\x3b\x4d\x3d\xc8\x46\x8b\xfb"
	"\xba\x93\x22\x3e\x5d\x21\x79\xe3\x99\x96\xce\xce\x92\x75\x30\xd3"
	"\xa7\x17\xd3\x8b\x76\x2c\x0c\x78\xb8\x53\xef\x6e\xbb\x34\xb3\xd9"
	"\xfc\x57\xa8\x3e\x2d\x7e\x81\xea\xe2\x6a\x3e\x3a\x37\xa4\xf9\x34"
	"\x9d\x79\x27\x82\xe7\xf7\xfa\xec\xf5\xaf\x1d\x10\x9c\x0d\x3a\xc0"
	"\x43\x27\x7a\xfe\x98\x95\x4a\x65\x39\x6c\x08\x68\xb3\xa4\x5e\x63"
	"\x00\x17\x1c\x84\x34\x69\xd7\x0c\x7c\x2b\xdb\xfd\xe9\x1d\xb9\x36"
	"\x71\x10\x49\xc7\xd0\x58\xe0\xde\xcd\xd9\x80\x04\xef\xac\x97\x82"
	"\xa9\xdb\x51\x2a\x70\xd3\xb8\x52\xe8\xf7\x06\xc9\xe2\x3c\x01\x3c"
	"\x35\x7e\x82\x18\x9c\xc9\x72\x77\x38\x3e\x60\x29\xc5\x44\xfd\xfc"
	"\xb1\xb7\xe3\x1f\x74\xc2\x75\x58\x0f\xf1\x1e\x66\x11\x1c\xc5\x40"
	"\x20\x50\x2d\x3a\x1a\x6f\xef\x84\xdd\xbc\x43\xc1\x65\xfa\x1e\x8f"
	"\x1c\x14\xe4\x7b\x34\x8a\x08\xf6\x0e\x4d\x4e\x62\x3f\x45\x8b\x97"
	"\x09\x97\x1d\x45\xff\xce\x23\x61\x72\x1d\x8e\x0b\x72\x56\xc0\x54"
	"\x65\x15\x8d\x8f\x41\x72\x70\x51\x98\xac\x6f\xae\x16\xef\x8c\xb6"
	"\x02\x7e\x98\xbd\x7a\xa7\xdf\x2c\xc9\xdf\x61\x24\x97\xef\x2d\x0c"
	"\x04\xe0\xe2\xdd\x7d\x92\xd5\x7b\x7b\xbd\x26\x22\x27\xa3\x2b\x4c"
	"\x53\xe6\x5f\x5f\xbc\xba\x5e\x5c\xbd\xc3\xdf\x92\xe2\x60\x0f\xfa"
	"\x0c\x36\xc6\xd5\x3d\x8a\xf9\x17\x4c\x28\xb4\x99\x00\xc6\x27\xf2"
	"\xfe\xaf\x3d\xd6\x25\xd8\x01\x3f\xe3\x26\xb1\x58\x70\x5e\xda\x65"
	"\x13\x06\x9a\x40\x38\x84\x23\x18\x62\xe2\xd4\xba\x28\x85\x8f\x26"
	"\xf7\xdb\xa0\xdd\x24\x74\x73\x41\xd5\xf0\x1a\xa9\x03\x30\x4c\x07"
	"\x2d\x71\x6c\x23\xad\xda\x3e\xcf\xee\xbf\xff\xf3\xac\xb3\xf0\x25"
	"\xaf\x53\x1c\x2f\x66\xfe\x2c\xf7\x48\x16\x53\x2b\x1f\x57\xb0\x42"
	"\xaf\xb0\x2c\x59\xa1\x6d\x53\xf8\xde\x82\x28\xf0\xe7\xe2\x5a\xe4"
	"\x5b\x3b\x81\x07\xd6\xd4\x34\x06\x95\xc1\xb7\x85\x1d\x52\x98\x6a"
	"\x9e\x00\x52\xef\x5a\x00\xa7\xfb\x45\x1f\x53\x97\x2f\x24\xc0\x48"
	"\xdf\x41\x77\x04\x21\xb8\xe9\x11\xaf\xb5\x4e\x79\xe0\x36\x81\x76"
	"\xba\x23\x31\xfa\xef\x71\x77\xc4\x84\x10\x2c\xe7\xe3\xfe\xbe\xa9"
	"\x29\xeb\x54\x8b\x99\x77\x71\xc3\xfc\x9a\x47\x17\x35\x64\x25\x0b"
	"\x04\x2a\x1a\x1f\xc5\xf9\xec\xea\xe2\xd3\x28\x01\x44\x72\xc2\xcd"
	"\x10\xf5\x48\xa8\x80\xcd\x19\xc1\x8b\x38\x97\x2a\x0a\x13\xd0\x9b"
	"\xdb\x82\xcb\x30\x3e\x23\xb7\xe0\x5d\xc4\xa4\x1c\x99\x48\xb6\x9c"
	"\xae\xc3\xd8\x15\x93\x23\x8b\x94\xd3\x84\x11\x45\xd7\x63\x14\x92"
	"\x8f\xcc\x30\xdf\x40\xe0\x1f\x72\x07\x9b\x42\xbf\xde\xb6\x25\xf9"
	"\xd5\x7c\x64\xd9\x0d\x1e\xfc\xd5\x60\xec\x97\xe4\x8b\xcb\xf3\x01"
	"\xdf\x5c\xe6\x57\x9f\x3f\x5d\x8c\x0c\x15\x09\x2e\x2e\xdf\x21\x98"
	"\x9f\xbf\x43\x30\x1d\xe1\xf0\x25\x9f\x4d\xc7\xa7\x36\xff\x74\x3e"
	"\x8a\x5f\x5c\xcc\xc6\xdb\xcf\x3e\x8f\xe3\x2f\x46\xf0\x20\xcb\xeb"
	"\x78\xc5\xca\x11\x0e\x94\x80\xdf\x32\x22\x6c\xe0\xae\x53\x49\x46"
	"\x24\x16\xc2\x78\xa2\xd8\xcd\x74\x64\x9a\xe8\x41\x91\x11\x0e\xa5"
	"\x48\x46\x1a\xaf\xaa\x22\x71\x1d\x26\x97\x00\x34\x66\x89\x55\x3d"
	"\x61\x8a\x0d\xbd\x09\xbb\x9c\x86\xa2\xca\x62\x32\x22\xf5\x37\x18"
	"\xc5\x84\xd1\x77\x37\x23\xb8\xdb\xe2\x4b\x5e\x0e\xfc\xbd\xe8\x0d"
	"\xab\x64\x7e\xfc\x78\x39\x1c\x2d\x5f\x2f\xb6\x12\x70\x98\x7a\x37"
	"\x05\x44\xd2\x0b\x6c\x23\x2b\x17\xe9\xb9\x82\x01\x30\x45\x83\x01"
	"\xa1\x73\x20\xc3\xaf\x83\x6a\x6f\x0d\x24\x62\x73\xc9\x06\x00\xb7"
	"\x1e\xca\xee\x6a\x24\x0d\x8e\x58\x41\x75\x12\xbe\xb9\x2f\x1e\x94"
	"\xe1\x39\xb4\x52\x55\x51\x10\xc9\xf8\x26\x88\x03\x7b\x13\xc6\x11"
	"\xc9\x92\x20\x16\x4e\xbc\x3f\xae\x36\x75\x08\x48\x33\x74\xdd\x01"
	"\xf6\xd7\xcb\xeb\x71\x72\xff\xf2\x7c\x3c\xbc\x3c\x82\x3b\x33\xf9"
	"\x76\x78\xf8\xdb\x78\x35\xce\x36\xd4\xc9\xb6\x2e\x33\xa2\x82\xfd"
	"\x63\xdd\x61\xbb\xb1\x61\xa2\x90\x8a\xd7\x5d\xa0\x12\x1e\xe7\xdf"
	"\x1c\xa9\xba\xa4\xbf\x48\x48\x63\x92\x0f\xa6\xdd\x5c\xe4\xa4\xfb"
	"\xdd\xf1\xed\xa0\x23\x16\x0d\x06\x07\x74\xb2\x3f\x1c\x76\xc7\xdd"
	"\xe4\x5f\x2f\x87\x7f\xec\x0e\x2f\x6f\xcf\xdf\x5e\x27\x7f\x3f\xec"
	"\x26\xc7\xbf\xf6\x93\xdd\xe3\x11\xda\xed\x8e\xb0\x3c\xaf\x93\xef"
	"\x87\xdd\xd3\x1e\xa9\xba\x23\x60\x2a\xb4\xa9\x00\xa5\x52\xe5\xf5"
	"\xd5\x6c\x71\x31\xfd\xdc\x2f\xed\xee\xb0\x97\xa3\xd8\xf9\xf9\x22"
	"\x8c\x9d\x7e\x9e\x5f\xce\x82\xd8\x8b\xd9\xf9\xe5\xa7\x20\x76\xfe"
	"\xe9\x72\xa4\xdf\xf9\xc5\x3c\x8c\x9d\x9e\xcf\xe6\x97\xd3\xab\x20"
	"\x7a\x7a\x75\x75\x75\x79\x11\x44\x5f\xce\x67\xe7\x9f\xad\xd6\x31"
	"\xd9\x30\x80\xb7\xf8\xd9\xec\xc2\x1e\x76\x1f\x7b\x31\xfd\x34\x0f"
	"\x63\x2f\xe7\x9f\xac\x9b\x60\x14\xa3\xfa\x4b\x92\xc2\x2a\x9e\x9f"
	"\x68\xce\xcf\x17\x83\x55\x99\xaf\x75\x5e\x5d\xba\x06\x1a\x31\xd3"
	"\x45\x83\x0a\x68\x47\xa4\x59\xcc\x3d\x34\x0e\xc5\x86\x98\xea\xf8"
	"\x8b\xcf\xc3\x1e\x5a\xdc\xfc\xea\xbd\xe6\xd7\x17\x9f\xdd\x74\x5a"
	"\x84\xb1\x50\x01\xde\x90\x2f\x84\x31\x11\x45\x1e\x0f\xab\x39\x64"
	"\xee\xab\xe1\x2a\x84\x2e\xc3\xb9\xee\x72\xa3\x8d\xbe\x30\x95\x5b"
	"\xb6\x3d\x00\xd2\x65\xc9\xf8\xf5\x74\x76\x75\x6e\xd5\x2e\x56\xb9"
	"\xdf\x42\xb6\x45\x71\xc1\x24\x7c\x4b\xb0\xe1\x59\x55\x40\x04\x7e"
	"\xeb\xd3\xf1\x86\xc6\xbe\xa6\x33\x8d\x74\xd6\xda\x4a\xd8\xdd\x81"
	"\x7c\x9e\xf7\xea\x30\x67\x01\x0f\x06\x50\x17\xe7\x41\x14\xf0\x39"
	"\xf7\xe5\xde\xef\xae\xa7\xd6\x93\x05\xbd\xa4\x2b\x81\xa5\x94\xa1"
	"\x20\xa7\xb9\xc4\x05\x11\xd1\x86\xc3\x93\xdc\x5e\x71\x4c\x07\x99"
	"\xd2\x69\x2c\xa0\xcf\xfa\xac\x74\xca\x05\xf0\x8d\xd1\x09\xa2\x9b"
	"\xf0\xad\x8f\xa7\x19\x8d\x55\x5b\x9a\xdd\xeb\xa0\xcb\xb7\x96\x69"
	"\x81\x4f\x34\x98\x7d\x05\xbe\xed\xdd\x5e\x77\x91\x76\x37\x3f\x4c"
	"\xfa\xab\x2c\x4a\xa5\xef\x7e\x49\xdf\x08\x94\x79\x62\x2e\xb9\x3d"
	"\x73\x8f\x09\x2c\x61\x6d\x02\x46\x27\xb5\x3f\x3a\xea\x6e\xca\x39"
	"\x29\x2a\xe2\xc3\xf4\xaf\x20\x0c\x9f\x52\x57\x5b\x2b\x1f\x27\x7a"
	"\xa3\x04\xfc\xe1\x43\x6d\xe0\x9f\xfc\x54\x23\x36\x42\x61\x4d\xb0"
	"\xc0\xd7\x0e\x10\x8b\xae\xa3\x5b\x45\xf1\xf4\x5e\xcc\xba\x5a\xcc"
	"\x38\xa3\xa4\x80\x80\x75\x3b\x86\xb6\x5a\x4f\x3f\x2f\x16\xe7\x57"
	"\xfd\x09\xf5\x72\x85\x05\xc7\x12\x4d\xe5\xcc\xbd\x99\x36\xc3\x94"
	"\x51\x3f\x5f\xa2\xd9\x34\x2d\xcc\xf3\x87\x02\x56\xd9\xa7\x4c\xca"
	"\x8c\xa9\xba\x54\x26\x2d\x82\x6a\x62\xee\xdc\x40\xf4\xee\x1d\x3c"
	"\xf5\xee\x23\xef\xa1\x22\x38\xc1\x6e\x65\xd1\x5a\xe6\x23\xa9\x09"
	"\xbd\x11\xb8\x34\xc8\xee\x7a\x7e\xfe\x79\x61\x67\x5f\x87\xf7\x54"
	"\xfe\x2c\x10\x2e\xb0\x16\x3d\x2f\x3a\x15\x1c\xe4\x7d\x4b\xbc\xd5"
	"\x7d\x6e\xc1\x15\x7c\x8e\x38\x8c\x27\x6c\x2a\xfd\xac\xe0\x20\x50"
	"\x22\xaf\xad\x0a\xd2\xbb\x92\x73\x7f\x96\xee\x2e\xaa\x7c\x57\x04"
	"\x77\x32\xef\x29\x96\xf6\x5d\x0d\xac\x54\xd9\x2b\xea\x6e\x89\x75"
	"\xc1\x87\xb7\x90\x84\xe0\x2d\xf5\x1d\x9c\x94\x4a\x2c\xf1\xd2\x30"
	"\x25\xfa\x82\xb5\x7b\xe0\xd2\xde\x87\xe8\x37\x3d\xe0\xc5\xc2\xa1"
	"\xb1\x05\xdf\x94\xa1\x52\x73\x00\xf4\x95\x8a\xa0\x71\x46\x98\x13"
	"\x57\x9b\xdb\x7f\xac\xda\x6c\xaf\x2f\x3d\x63\x49\x05\x3e\xf4\xd9"
	"\x0c\x2e\x78\xcd\xad\x87\x99\x06\xec\x54\xae\x6f\x66\xee\xb8\x37"
	"\x0d\xd6\xd6\x98\x77\x63\xf0\xea\x68\xbc\x97\xac\xda\x67\x5e\x38"
	"\xac\x9e\x1e\x7d\x0f\xdf\x5c\xa8\xe5\x70\xa6\x9c\xec\x91\xb1\xe0"
	"\x38\x3e\xcc\x3d\xe9\x97\x53\x3e\xa4\x79\x52\xa5\xef\xfa\x73\xd4"
	"\x4e\x9f\x7b\x57\xeb\x4e\x84\x42\x04\xc1\xcb\x5d\xbf\x2d\x6d\x90"
	"\xfd\x4b\x5d\x7f\xaa\x15\x6f\xf9\xbc\x98\x1b\x1a\x48\xb3\xaf\xb3"
	"\x79\xbd\xac\xfc\xef\x97\xcc\xb6\x60\x35\x33\xee\x05\x17\xe0\x77"
	"\x5b\x8f\x06\xab\x02\x25\xab\x79\x25\x46\x54\x4d\xb3\x73\xf7\x39"
	"\x0c\x2d\xea\x08\x8e\x2f\x1a\x22\x41\x13\xe6\x5e\xf8\x97\x12\x83"
	"\xbc\xb2\x21\x74\x6e\xa9\xcd\x2a\x4a\x19\xd9\x37\x60\x4c\xb1\x25"
	"\xbe\xaf\xc3\x7d\x03\xad\xde\x72\x86\xb8\x03\xd8\xde\x3a\x8d\x37"
	"\x57\x56\x25\xa7\xfd\xec\x0d\xd4\x7d\x5e\x65\x3d\x45\x16\x97\xd3"
	"\x4f\x75\x53\x3c\xe6\xc3\x4b\xaa\xc0\x27\xf3\x61\x9a\x71\x6e\x6b"
	"\xa5\x22\x71\x0e\x3b\x55\xb4\x99\x43\xc0\xfc\x7d\xf5\x61\x3a\xd9"
	"\x1d\xee\xff\x7a\x38\xee\xef\x21\x1a\xd9\x3d\x4e\xbe\x77\x61\x89"
	"\xc3\x01\x6c\x32\x49\x93\x28\x1f\x3e\x17\x2d\x86\xee\x65\x06\x52"
	"\x67\x92\xac\x63\x2e\xec\xc6\x55\x83\xd6\xa0\x66\xbf\x38\xa8\x8a"
	"\xf0\xfe\x78\xda\xdb\x32\x6d\xb9\x41\xa5\x88\x25\x0d\x90\x94\x99"
	"\xed\x5b\x08\x8a\x95\x2c\xca\x35\xb4\xa7\xab\x7f\x7d\xb7\xea\x83"
	"\x37\xbc\x04\x5d\xe2\x4d\x53\x53\xea\x68\x12\x15\x2f\x30\xaf\x97"
	"\x1f\x98\x91\xb5\xc6\xdd\xdc\x03\x38\x0f\xf4\x68\xea\xbb\x96\x37"
	"\x0f\x09\xcc\x88\x41\xa1\xc2\xf6\x62\x16\x5f\x45\x35\xcb\x9d\x32"
	"\x08\x96\x83\x6e\xbc\x43\x8c\xa3\xe9\x00\x9a\xa8\xe8\x57\xf9\x36"
	"\x07\x44\xb3\xae\xcd\xfb\x3d\xf6\xb4\xfb\x73\xff\xe1\xcf\xff\xfd"
	"\xe3\xdb\xf1\xeb\xd9\xaf\x0d\xca\x54\x5b\x5b\xc5\xc4\x36\x79\xd3"
	"\x45\x7b\x8d\x89\xcb\xd5\x14\x1a\x77\x37\x55\x16\x39\x58\xe7\x86"
	"\xf2\x34\xbc\x77\x26\x93\xa8\x9a\x6f\xa8\x30\x05\xd0\x7a\x0b\xaa"
	"\xd7\xfd\xe1\xf5\xc7\xee\x7e\x3f\xf9\xfa\xf0\xbc\x3b\xfc\x9c\xe8"
	"\xca\xc9\xa3\xb5\x1d\x11\xf8\x1f\x39\x6a\x85\x74\x50\xdd\xe0\x43"
	"\xc1\x47\x53\xe0\x6a\x95\x1e\xe2\x35\x17\x16\x59\xb5\x9e\x02\xd6"
	"\x8c\x84\xdf\x70\x34\x6c\x65\x2c\x58\xa9\x06\x6e\x11\xe1\x95\x5f"
	"\xc3\x36\xcd\x72\x26\x7d\x75\x98\x38\x08\xb7\x00\xac\x7f\x8b\xb4"
	"\xd6\xa5\x62\xe6\xf5\xac\x1c\x3e\xbb\x1c\x90\xd3\x5b\x39\x00\x36"
	"\x0b\xb3\x49\xa4\x75\xea\x9c\x77\xa7\xb8\x13\x17\x33\x14\x00\x93"
	"\xe0\x79\xf9\xd7\xfe\x30\x79\xda\x3d\x83\x24\x3d\xed\x9f\x3d\xc7"
	"\xa1\xa9\x2d\xb1\x06\x64\x00\xbe\x97\x20\x2d\x4a\xae\x59\x09\x03"
	"\x2f\xfc\x36\x64\xc5\x22\x10\x16\x12\xb8\x62\x2b\xf3\x5a\x66\x94"
	"\x5a\x0b\xd5\x42\x9a\xd7\xc7\x9d\x49\xcb\x75\x8e\x4d\xe3\xfc\x8c"
	"\xb6\x64\x4d\x7b\xb7\x36\x36\xb4\x79\xa1\x7b\xee\xb0\xec\xb0\xcb"
	"\xd8\xcb\xb5\x37\x84\xd0\x7b\x19\x40\xf1\xd2\x9d\x85\x53\x72\x08"
	"\xdf\xa7\xfa\x91\x53\x2a\xf4\xc4\x78\xfb\xa5\x2e\xf9\x16\x2d\xc9"
	"\xa9\x2e\xa6\x11\x5e\x7f\x57\x3d\x56\x9e\x25\xec\x53\x70\xfb\x3c"
	"\x61\x45\x6c\xdf\x05\xb2\xb6\x09\x5f\xf8\x4a\xe6\x89\x2f\x9b\xfd"
	"\xb6\xd0\xed\x5b\xc3\x46\xb2\xf2\x93\x64\xb5\x49\x34\xc4\xb1\x6f"
	"\x8f\x7b\x4b\xe1\x42\xef\xcd\x83\xc7\x1e\xc4\xd4\xec\x97\xf8\x10"
	"\x55\xb0\x4d\xaf\x78\xf9\x44\xb4\xe4\x1b\xb0\x22\x49\x2f\x93\xee"
	"\xa3\x02\x17\xaa\xb2\x6c\xeb\x69\x2c\x93\x64\x98\xd3\x04\x3c\x36"
	"\x66\xc9\xd8\x15\x02\xbe\x95\x97\x5d\x1f\xe0\x54\x95\xbe\x57\x81"
	"\xd8\x4f\x7a\xd8\xff\xf3\x6d\xff\x7c\xff\x73\xf2\x7a\xbf\x7b\x74"
	"\x9e\x5b\x62\x7b\x38\x4d\x5f\xdc\x05\x40\x88\x1e\x35\x51\x4a\xd4"
	"\xee\x3b\x28\x1b\xdd\x7f\xfc\x77\x42\xa2\x23\xdf\x5f\xb0\x13\x02"
	"\xc4\x49\x11\x96\xc9\xc0\x92\x69\x3a\x74\x15\xa5\x87\x71\xab\x46"
	"\xb1\xf7\xd0\x1b\x10\x2f\x2d\x4a\xb4\x04\x25\xea\x8f\x88\x7c\x4d"
	"\x50\x27\xea\xc7\x41\xbf\xde\x84\x83\xc5\x83\xf1\x24\xbf\xde\x02"
	"\x9f\xe6\x51\xb1\xd1\x4e\xfc\xaf\xb7\xd2\x3f\xf9\x80\x11\xee\xff"
	"\xa7\x91\x4e\x0b\x55\x8a\x65\x63\xeb\x3e\x5c\x57\x2f\x45\xbb\x9a"
	"\x01\xfc\x69\xe9\x02\xf8\x76\x9d\xbc\xdb\x36\x32\x41\xbf\x0c\x76"
	"\x2b\xe8\x76\xa7\x9f\x86\x06\x46\x70\x5a\x0c\x5b\x6f\x7c\xef\x9f"
	"\x13\xdf\x85\x03\x10\x9a\xa5\x55\x21\xe7\x55\x27\x41\x33\x86\x37"
	"\x80\x2d\x75\x90\x74\xcd\xc4\x7a\xcb\x79\x32\x4a\x78\x1a\x79\xee"
	"\x4d\x42\x14\x74\x68\x86\x01\x06\x9e\xe4\x1a\xef\x9d\x65\x93\x46"
	"\xb6\x1e\xa2\x41\xac\x22\x9c\x52\x7c\x04\xd2\x16\xa6\x67\x5b\xec"
	"\x8f\x78\x85\x80\x8b\x30\xb0\xcb\xb0\xb3\x6b\xaa\xdc\xf8\x0f\x21"
	"\x75\xc2\x88\xcf\x1e\x61\xc1\x8f\x53\x8b\x71\x03\xeb\xef\x18\x33"
	"\x0d\x0b\xb4\xbe\x49\x85\x65\x1f\xf0\x4b\xff\x62\x4a\x0f\xd4\xbc"
	"\xae\xb2\x41\x5a\x88\x52\xe2\x6a\x07\x8d\x91\x55\x84\x65\xfe\x2c"
	"\xf6\xd7\x9f\x69\x1a\x93\x30\xa2\x81\x01\x69\x45\x06\x81\x1b\xc4"
	"\x30\xfd\x5e\xcb\x26\x38\xb6\x96\x16\x1c\x26\xe7\x49\xbd\x01\x8d"
	"\x74\xc1\x9c\x3d\xdd\x32\xac\x00\xc7\xe2\xd5\x27\xcb\x4c\xb7\xc0"
	"\xf0\x0f\x21\x94\xc6\x88\xb9\x3f\x38\x00\xd0\xb6\xe4\xad\x16\xe0"
	"\x50\xba\x6e\x14\xc3\x8a\xf9\x08\x2b\x06\xa9\x9e\xa2\x1c\xe1\x8b"
	"\xc6\x51\x87\x44\xb2\xc7\x41\xb3\x6d\x68\x88\x5a\xf9\x59\x18\x22"
	"\xb0\xac\x11\xb7\x83\x27\xc0\x94\x45\xd9\xff\xae\x93\x55\x5c\xf6"
	"\x7a\x41\x30\x26\x0a\xfd\xf7\xf0\x0d\x81\x20\xc2\x8f\xd7\xc7\xa0"
	"\x64\x65\xe0\xa9\x26\x2b\x97\xe8\xb9\x43\xc8\x7c\xd3\x3b\x3a\x25"
	"\xbe\xcd\x2c\x68\xd6\xdf\x50\xdd\x22\x34\x94\x5c\xcf\xd6\xfb\xc2"
	"\xaf\x80\x23\xcb\xd7\x6c\x70\x44\xcb\x8d\x62\x2e\xa8\x4a\x42\x7d"
	"\xa7\xbc\x0a\x4e\x12\x70\xdd\xa0\x65\x40\xd6\x6a\xb2\xb2\xdf\x7f"
	"\xa2\x36\x90\x65\x0f\xd2\x17\x6c\x0d\x34\x39\x3d\x7c\xfc\x58\x89"
	"\xa8\x6e\xf2\x2b\x0b\x87\x44\x9f\x8a\xd3\xb8\x9d\xc6\x3e\xa0\x39"
	"\x7c\xf8\x8b\x3d\x26\x71\xea\xfc\x2c\x4e\x9f\x62\x9c\x41\x44\x69"
	"\xbf\x2d\xea\x98\xfe\x28\xe2\xd2\x07\xc6\xd5\xf6\x80\x11\x04\x72"
	"\x81\xcf\x2c\x9c\x33\x8d\x5c\xe0\xcf\xe5\xe9\x70\xf9\x7e\x05\xa2"
	"\xa5\x89\xab\xc8\xae\x30\x68\xad\x74\x8b\xbf\x3e\xbb\x7f\xfb\xfa"
	"\x70\x7f\xe6\x72\xcf\x93\x4f\x92\xf9\xcf\xf9\x66\x61\x1f\x98\xcd"
	"\xa2\x39\xd8\x98\xb4\x4a\x7d\x18\x9d\x58\xef\x21\xcc\xbb\x59\xd4"
	"\x68\x75\x42\x12\x77\xd6\x8b\x81\x7c\x2c\x86\x02\xb2\x18\x4a\x08"
	"\xf2\xcd\x59\xb9\x70\x4f\x2e\x00\x59\x46\x02\x92\xb8\x08\xcb\xcb"
	"\x22\x00\x7d\x57\x62\x16\xef\x88\xcc\x62\x28\x33\xdd\x70\x7b\x78"
	"\xbd\x7e\xcd\x1b\xe3\x50\x1c\xa9\xa7\xe8\x1c\x5f\x0d\x91\x4c\x0d"
	"\x16\x02\x60\xf5\x42\x24\x21\x26\x45\x02\x21\xbd\xbe\x01\x51\xb7"
	"\x25\xed\xf1\x1b\xea\x02\x0d\x0e\xab\x21\x40\x86\x34\x45\x8b\x6c"
	"\x98\x86\xc6\x33\xd4\xfb\xce\x64\xaa\x08\xcb\xc7\xe5\x60\x48\x41"
	"\xf5\x87\x6e\x8a\xfb\xfa\x0c\xbc\x42\xc1\x59\xa2\x93\xc6\x05\xfe"
	"\x01\x24\xee\x4f\x67\x35\x00\x4c\x43\xe7\x44\x23\x1c\x7d\x57\xaa"
	"\x12\xdf\x28\x41\x54\x98\xde\x86\x94\xa2\x6e\x5f\xae\x6e\x4d\x98"
	"\xa1\x48\x5e\xfa\x93\xfd\x40\x7a\x7a\x3f\x66\xb7\x37\xc0\xa0\xe1"
	"\xed\x28\xac\xe2\xf2\x36\x55\x23\x58\x82\xb9\xb0\x13\xe7\xa7\xc6"
	"\xff\x7c\x39\xec\xd1\xe9\xfa\xfe\x80\xa5\x1c\xa1\xdf\x01\xec\x38"
	"\xfb\x5c\xb8\x06\xd5\xf8\x7e\xfe\x31\xb7\x8e\x61\xe0\x87\x6a\x86"
	"\x84\xba\x06\x75\xa4\x1b\xfc\xc9\x10\x0b\x8d\x8f\xbc\x8b\x42\x5f"
	"\xa0\x38\x50\xfd\xc3\x22\xbd\x70\xd1\x26\xae\x9b\xbd\xf4\xa1\x7c"
	"\x3b\x6d\xe3\x31\xb5\xef\x4f\x25\x3b\x64\x78\xed\xe2\xbd\xf2\x72"
	"\xa8\x86\x8f\xa2\x1d\x34\x4a\x4c\x28\x0d\x37\x20\xd4\xa2\x15\xe8"
	"\x50\xe1\x78\x14\xaf\x93\x38\x2e\xdd\x79\xb7\x98\xa5\x7d\x37\x6d"
	"\x23\x64\xac\x02\x4d\xc0\x68\x41\xe0\x41\x03\xeb\xf8\x7f\x94\x5d"
	"\x59\x93\xe3\x36\x92\xfe\x2b\x8a\x79\xb2\x23\x66\x63\x75\x54\xa9"
	"\xa4\x89\x98\x07\x10\x04\x25\x74\xf1\x12\x41\x49\xac\x7e\x61\x94"
	"\xbb\x65\xbb\x62\xfb\x70\x54\x55\x8f\xed\xfd\xf5\x8b\x04\x0f\x01"
	"\x20\x12\xd0\x3a\xa2\xdb\xad\xcc\x8f\x20\x00\xe2\x48\x24\xf2\x20"
	"\x70\xe6\x22\x08\x33\xb1\xcb\x1c\x39\xfb\xd5\x72\x85\xb0\x78\x45"
	"\x11\x8e\x23\xd4\x95\xc1\x97\xa3\x27\xe2\x85\xb0\x42\x6b\x98\x9f"
	"\x3d\x47\x3b\xef\xfa\x4d\x4b\xb4\xda\x82\x98\xce\x8b\x26\x93\x07"
	"\x8b\xae\x93\x69\x2f\xbb\xa6\x96\xce\xf0\x0f\x8f\xc9\xd4\xd9\xa5"
	"\x47\x08\x6f\xe2\xae\x49\x4e\xcc\xbe\xcb\xd5\xb1\x8e\x19\xe1\x00"
	"\x7a\x32\x32\x92\xae\x2c\xd7\xb8\xb8\x72\x27\xe3\x09\x58\x8e\xc1"
	"\x02\xe4\xc4\x01\xed\x46\x81\xde\x23\x40\x45\xbb\x18\x98\xb5\xab"
	"\x1c\xb8\x62\xab\x18\xad\xad\xc2\xba\xbd\xc6\xbb\x58\x35\xe3\x7e"
	"\xa4\x16\xd3\xe6\xfd\xf9\x97\x2f\x97\xb7\xd9\xa7\xef\x5f\x7f\x79"
	"\xf9\x76\xf9\x3c\xeb\xe3\x34\xba\x16\xd2\xa6\xb6\x97\x1e\x9d\x05"
	"\xc3\xa1\x67\x1b\x25\xbf\x3f\xbf\xfe\x76\x79\x37\x14\x03\xc6\x73"
	"\x35\x5c\x2d\xd5\x5d\xe8\xbf\xc0\x60\xb8\xa2\x95\x43\xa4\x38\x66"
	"\x81\xa6\x8e\xf0\x7e\x97\x43\xaa\x3e\xa0\xae\x2d\x08\xa0\xae\xcb"
	"\xac\x0f\x58\xbb\xf7\x95\x2b\x22\x16\xb4\xbc\xb9\xc9\xfb\xf4\x76"
	"\x28\x54\xee\xc6\xae\x01\x95\xa8\x8a\x0d\xe2\x6f\x8c\x8a\x78\xa8"
	"\x41\xbd\xef\x4f\x9d\x32\xbd\x13\x69\xec\x88\xae\xea\x65\x07\x3f"
	"\xc0\xf3\x1d\xcc\x65\xc1\xf1\x6c\x0e\x61\x65\xca\x00\x26\x09\xd6"
	"\x31\x4f\xd0\x9d\x5f\x03\x15\xc3\x4e\xef\xed\x3a\xd0\x72\xb8\xef"
	"\xe7\x9d\xe8\xeb\x32\xe0\x41\xd5\x2c\x50\x37\x08\x20\xd1\x04\x26"
	"\x87\x15\xd3\xc7\x05\xb9\x69\x56\xc8\xf3\x59\x26\x44\xa8\x1b\x24"
	"\x4a\x9e\x1c\xe4\xd1\x91\x4f\x2d\xd7\x87\x85\xe5\xeb\xf3\xfb\xa7"
	"\xdf\x2f\xf8\xc2\x92\x91\x1a\xbc\x72\xe2\xb8\x82\x13\x41\xa8\x47"
	"\x3b\x74\x17\xaa\xc8\x57\xde\x34\x6c\x98\x17\x9d\x1e\x45\xed\xbc"
	"\xf2\x70\x81\xa5\xd0\xd7\x19\xb7\x79\x8b\x94\xeb\x8f\xb2\x2a\xbb"
	"\xb9\x0e\xf2\x81\x89\xef\x60\x00\xae\xae\xdc\xfe\x0e\xa0\x3c\x1f"
	"\xfb\x0a\xf2\x8f\xfa\x1e\x57\x1e\x6f\x6d\x0c\xec\xdc\x37\x63\xd9"
	"\x09\x8b\xf1\xe6\x42\x0b\x5a\x7a\x5b\xc3\x68\xee\xe7\x0b\xff\xf3"
	"\xe0\x96\x1c\xee\x58\x3b\x30\xb3\x0b\x92\x06\xfa\xb3\xd3\x2e\xdc"
	"\xd6\x6c\x5e\xca\xd3\xe3\x8e\x05\x4a\x4c\x97\xf5\x8d\xe5\xd9\xc1"
	"\xa8\x5d\x90\x60\x27\x64\x84\x06\xf8\x81\x91\xd7\x9d\xbe\x3b\xf5"
	"\x86\xaf\x5d\x79\x62\x9f\xee\x7c\xe8\x42\x24\xb7\x75\x82\xe5\xbd"
	"\xe8\x40\x74\x3a\xf5\x40\xed\xc0\xec\x52\x0e\xe2\xdb\xde\x59\x3e"
	"\xd6\xa6\xe6\xc3\x81\x39\x1c\x0b\x3d\x72\x20\x86\x58\x06\xea\xd5"
	"\x81\x60\xf3\xbe\xb5\xe7\x1c\xdb\x9a\x17\xce\x48\x9a\xdd\x0e\xa6"
	"\x72\xd5\xbc\x15\x0d\x12\xfc\x6d\x1d\x0a\x11\x17\x99\x7f\x9c\x4e"
	"\x82\xb2\x3b\x11\x4a\x55\x18\x40\x55\x96\xa1\xa7\x03\xd4\xed\x9c"
	"\xb7\xd5\x1d\xc4\x34\xef\x1b\x8f\xab\xa5\x75\x49\x20\x58\x8d\xe9"
	"\xe4\x4f\x62\x1a\x8c\xbb\xfc\xd7\x0d\x3a\x98\x04\x14\xb6\x15\x51"
	"\xba\xad\x3b\xec\x60\x6c\xb3\x62\x70\x9a\xee\x88\xfa\xd9\x06\xd4"
	"\x22\xd6\x15\x85\xc9\x9c\x14\x54\xb1\x0f\x60\x82\x3e\xa1\xab\x83"
	"\x98\x8b\x98\x11\x21\x25\xb9\x8a\xc4\xcc\xcd\x77\x2b\x1b\x14\xa7"
	"\x74\x1c\xd2\x4c\x6d\x80\xec\x47\x49\xe7\xe5\x54\x1f\x08\xf4\x5e"
	"\x58\xd9\xbb\xe9\xc6\xd6\xa3\x33\xaa\xd2\x8e\xda\xa4\x73\x6b\x3d"
	"\x72\x63\xc7\x70\xc3\x47\x71\xf2\x83\x75\xa6\x34\xd8\xe2\x29\x57"
	"\x82\xa2\xfb\x96\xca\x3e\x87\x1b\x8f\x5e\x7b\x16\x2d\x5d\x3e\x0c"
	"\xeb\x57\x6f\x09\x88\xbe\x03\x11\xdd\xad\x76\xd8\x62\xf1\xd0\x2b"
	"\xf9\x2e\xc5\x6b\xd0\x0b\x6b\x1c\xbd\x26\xbb\x42\xe5\x07\x09\x83"
	"\x64\xf7\xa3\xcd\xa8\xc8\xd9\xae\x9d\x8a\xbd\xc3\xeb\x27\x9b\x2e"
	"\x07\xbd\x7b\xcc\x10\xec\xeb\x4b\xc6\xb5\xad\xfd\x74\xfd\xcf\xfa"
	"\xff\x3b\x61\xd7\xf8\x84\x5d\xbb\x26\xec\x1a\x99\x7c\xeb\x89\x76"
	"\xb3\x27\xda\x6a\x10\x20\x3b\x3b\x6c\x6d\xcd\x1c\xad\xbb\x0d\x56"
	"\xbb\x58\x6e\x90\xcf\xb2\xd6\x27\x59\x18\xc3\x8e\x7c\x7d\x17\x86"
	"\x41\x57\x85\x51\x70\x92\x09\xa3\x90\xf3\xbd\x81\x81\x1e\xea\x4c"
	"\x22\xc3\xd8\x6c\x8f\xf7\xe5\x64\xf1\x70\x17\x51\xd5\xbe\xd7\x38"
	"\xf5\x12\x26\x64\x3a\x3c\xd7\x81\xe5\x66\x7d\xeb\x7a\xb3\x36\x26"
	"\xb4\x49\xee\x26\x97\x5d\xea\x30\xbf\x7c\x6d\xca\x9d\x5e\x15\xc3"
	"\x4d\x44\xd2\xb2\xc8\x9e\x8a\x3d\x4f\x32\x40\x91\x7b\xac\x8d\xe5"
	"\x45\x63\xd6\x7d\x67\xb8\xad\x52\x75\x5c\x8e\xb8\xe7\x6a\xa0\xcd"
	"\x7c\xd9\xae\x42\x20\x92\x15\x58\x38\x20\x0d\x84\x5c\xfa\x6b\x10"
	"\x7e\x03\x62\x1d\x82\x28\x99\x3f\x04\xb2\xd5\x56\x2e\x4c\x2f\xe6"
	"\x86\x60\xa2\x0e\xd6\xfa\x94\x22\x1e\xf7\x66\xf7\x54\xac\x4c\x9f"
	"\x42\xb8\xf8\x86\x8f\x06\xad\x6b\x83\xa8\x61\xef\x0a\x36\xf0\x86"
	"\x37\x62\x02\xba\x06\x51\xea\x2d\x6c\x2b\xb3\x0f\xdb\x9a\xb0\xd8"
	"\xe9\xc1\x35\xdf\xd4\x5a\xc2\xa3\x5d\x5b\x44\x1f\x68\x5e\x3b\x3d"
	"\x5a\xeb\xab\x69\x77\x67\xc7\x01\x7a\x4a\x0a\x97\xf5\xd3\x92\x1c"
	"\x38\x34\x08\x19\xfa\x44\xee\xf6\x29\x52\xf8\x50\x0d\x7c\x6f\xd6"
	"\x8d\x1c\xba\x97\x77\xc6\x0f\x5a\xac\x6e\x24\xba\x98\x3c\x98\x23"
	"\x91\xab\x5c\x9a\x6c\x38\x74\x1b\x31\x25\x97\x75\xe9\x71\x47\x53"
	"\xec\x93\x26\x71\x2a\x82\x1e\x82\x5c\x11\x98\x91\x2a\x4a\x17\x5b"
	"\xbb\x61\x31\x59\xda\xf8\x2e\x93\x1f\x1c\x22\x0e\x4d\xc3\x4b\x2a"
	"\x3b\x0f\x41\xec\x9b\x65\x49\x72\xb6\x13\xa6\x1c\x2c\x5e\x8b\x03"
	"\x12\x2f\x99\xe6\xcc\x99\x5b\x29\x35\xae\x4d\xe4\xcf\x25\x32\x66"
	"\x1b\x2c\x32\x58\xea\x5e\x59\x9a\xa5\x3b\x7c\x4a\x4a\x4a\x24\xf4"
	"\xc3\xbe\xc8\x91\x93\xd2\x3a\x2d\xce\x25\xb2\xa6\x70\xc6\x18\x34"
	"\xfc\xfe\x0e\x31\xa3\x1a\x82\x44\x29\x71\xed\xf0\xe3\xf2\xe3\xf2"
	"\xf2\xed\xb7\xff\xee\xe3\x53\x59\x81\x11\x7b\x7c\x4b\xa3\x03\x5e"
	"\x5a\xbb\x37\x3d\x59\x46\x72\xe2\x74\x7d\x18\xd8\x2a\x03\xc8\xdf"
	"\x36\x55\xe9\x53\x0e\xae\xe2\x2a\x16\xa3\x06\x55\xc0\x17\x49\x14"
	"\xe0\x1f\xbc\xfc\x9a\x1d\x52\x3f\x20\x4a\xbc\xfc\x5d\xa8\x86\xb1"
	"\x40\xf7\x9d\x01\x22\xff\xcf\x32\x7f\x21\x55\xe5\xe5\x67\x07\xe8"
	"\x58\x2f\x84\xee\x8b\x47\xe6\x45\x1c\x02\x7d\x45\xc1\x57\xcb\x8b"
	"\x48\x0e\x37\x81\xbc\xec\xfd\xde\xdf\xe1\x25\x67\x9e\xf1\x75\xb5"
	"\xc6\x98\x3e\x68\x25\x5a\xe9\x86\xfc\x97\xe7\xb7\xb7\x97\x5f\x5f"
	"\x3e\x4d\xed\x3b\xe4\x81\x6d\x52\x8e\x24\x81\x8f\x19\x12\xbc\x64"
	"\x40\xd4\x94\xe7\x31\x6b\xbc\x18\x25\xcc\x61\xb3\x15\x00\xc9\xd9"
	"\x9c\x27\x40\xb3\xd4\x2a\x3d\x09\xcd\xf3\xd1\xb3\x5d\xc6\x39\xaa"
	"\x0a\xe2\x54\xfa\xeb\x28\x01\x6b\x5f\x15\xd3\xe2\xec\x2a\x98\x7a"
	"\xf4\xe2\x5d\x17\x4e\xee\x41\xc6\xf2\x58\xe5\xad\x92\x3a\x39\xb8"
	"\x23\x93\x2a\x63\x49\xc5\xb7\xcc\xa9\x47\x55\x19\x7d\xd4\x1c\x95"
	"\x35\x16\xb5\xcd\x84\x7b\xba\xba\x08\x71\x72\xba\x0f\x31\xa5\x67"
	"\xcc\x52\x80\x0e\x0c\x08\xc6\x3c\xfd\x9e\x64\x72\x89\x0b\xa4\x4e"
	"\x7b\x8b\x8d\x72\x00\xec\xac\x07\x77\xa4\x33\x3c\x89\x3c\xcf\x64"
	"\xbc\xaa\xcc\x38\x81\x03\x47\x9e\x6f\xd1\x3e\x07\x3e\x26\x0a\x8e"
	"\xd5\x65\x9e\xbb\x75\x85\x10\x1c\xbb\x2f\xe8\xd8\x8f\x11\x8b\xb9"
	"\xb3\x2b\xa8\x75\x0b\x3f\x01\xa0\x62\xf6\x00\x90\x63\xcd\xcb\x1f"
	"\xae\x9a\xfc\x0d\x78\x8c\xb2\x22\xf6\x42\x78\xc2\xbc\xfc\xce\x9e"
	"\x0f\xcc\xcd\xbd\x03\x9c\xe7\xb1\x67\x79\x4b\xb8\x32\x17\xbd\x8a"
	"\x34\xd4\xbd\xfd\xc5\x39\x38\xb5\x8b\x02\xf2\x41\xba\x65\x74\x29"
	"\x13\x12\x15\x73\xd5\xed\xca\x5d\xb2\xfc\x24\xce\x5c\x0e\x5d\xb7"
	"\xa4\xd5\x69\xaf\xd1\x4b\x42\x65\x54\x63\xbb\x11\x5c\x03\x99\x96"
	"\x29\x12\xde\x59\x78\xb6\x39\x55\x1b\xeb\xbe\xc2\x40\xa4\x2b\x50"
	"\x04\x76\xf6\x80\x6e\xd4\xa1\xaa\xf1\x17\xe4\x54\xb8\x1c\x7c\xab"
	"\x4c\x89\x9c\x46\x4e\xa4\x2b\xad\x4d\xa8\x93\xdc\x87\x75\x79\xd4"
	"\x63\x41\x97\xba\x1f\x73\xa2\x32\xdb\xe9\x06\x97\x8d\x33\x15\x97"
	"\xb2\xa4\xc4\xf6\x76\x0d\xd3\xd9\xa0\x60\x63\xa7\x82\x24\x62\xe2"
	"\xa9\x35\xd3\xb8\x44\x87\xd4\xce\xaa\xf2\x81\x23\xc6\x01\x6a\x71"
	"\xb6\xef\xd6\xd4\x28\x38\xb5\x79\x9a\xe9\x49\x12\x7b\x8f\x95\xd9"
	"\xfb\xe5\xed\xdd\x21\x5a\xca\x4e\xd9\x31\x7c\xce\xc6\x55\x51\xb6"
	"\x59\x91\xf3\xba\xa8\x90\x18\xe0\x59\x45\x62\xac\x47\x30\x01\xb9"
	"\x8a\x5d\x86\xce\x91\x1e\x6a\x04\x54\x2c\x2c\xae\x0c\x4a\x95\xc0"
	"\xb5\xb9\x83\xd4\xd6\xba\x2a\x15\x9e\xcd\x75\x67\xcb\x9e\xd0\x66"
	"\x74\xa2\xa5\x1a\x58\x9d\xba\xdf\xc1\xdd\xf3\xd8\x2c\x69\x2f\x8c"
	"\x9f\xba\x4a\x4a\xfd\x8c\xcd\xe4\x38\x60\x2a\x91\x26\x48\x1e\xd9"
	"\xa8\x1e\xce\x78\xa3\x07\xfc\x97\x1f\x97\xf7\xef\xdf\xdf\x7f\x9f"
	"\x7d\xbe\xfc\xe7\xe5\xd3\x45\xf3\xb5\xba\x3e\x03\x2e\x3c\xa9\xd9"
	"\x06\x6a\x75\x4b\x6d\xf2\xf7\x94\x47\xf5\x51\x44\x4e\xe2\xe4\xe9"
	"\x91\xe1\x2c\x46\xc4\xfa\xa9\xa1\xa3\x1e\x49\x55\xbb\x68\xed\xfe"
	"\xce\xea\x8d\x81\x11\x51\x81\x68\x6d\xae\x18\x52\xef\x57\x8f\x21"
	"\x50\x9a\x86\x10\x2b\x70\x0a\x0a\x81\x54\x9f\x86\x40\xb2\xa3\x42"
	"\x90\x03\x25\xc1\x66\xed\xd6\x4d\x13\x02\x65\xd5\x29\x75\x8f\x18"
	"\xf8\x08\x34\x5b\xce\x57\xcd\xe4\xdb\x94\x64\x31\x9f\x52\x13\xc7"
	"\x87\x3f\xed\x29\xb7\xbe\x8c\xfd\x46\x9d\x37\xf9\x12\x63\x08\xed"
	"\x0c\xd8\xca\xf3\x51\x7f\x45\x02\x1e\xe2\x3c\x73\x90\xda\x33\xcd"
	"\x57\xdb\xad\x19\x62\x35\x91\x6b\x62\x85\xe9\x4b\x92\xf6\x11\xe9"
	"\x76\x51\x57\x8c\x64\x8e\x28\xe7\x63\x3a\x6b\x39\x84\x8f\x86\x0a"
	"\x17\x86\x42\x6a\x58\x88\x0f\x94\xd6\x10\x0a\xcf\x4c\x99\x39\xea"
	"\xd7\x7f\x8a\xd4\xa7\x9e\xd4\x49\xa2\x7c\x9a\x80\xf8\x49\x0f\x0f"
	"\xbd\x03\x6d\x80\x16\x77\x39\x4f\x15\x41\x65\x97\x06\xf7\x09\x63"
	"\xa7\xe9\xd1\xb0\x6d\xb2\x54\x6e\xfd\x55\x7b\x26\x15\xc4\x51\x71"
	"\x7a\x06\x0f\x68\xca\x20\x03\x4f\x9f\x22\xa9\x2d\x72\x3d\xd1\xcf"
	"\x08\xaa\x98\xfc\xc1\xd2\x14\xd2\xa6\xc8\x85\xcd\x32\xe8\x36\x60"
	"\x90\xdb\xa3\x81\x30\x55\xbc\xf2\xbd\x76\x50\xc5\x95\x02\x69\x03"
	"\x1a\x4f\x69\x80\x28\x77\xc4\x9c\xa4\xf0\xd6\x38\x72\x54\x9a\xca"
	"\xcd\x62\x9a\x2b\x7e\x64\x9f\x8d\xcf\x96\xf2\x68\xe8\xeb\xab\x7a"
	"\xa7\xa7\xa1\x8e\x09\x19\xa1\xd6\x07\x1a\x28\x2a\xec\x99\x6e\xcc"
	"\x3d\x32\x2a\x0a\x81\xad\x60\x00\xa6\x7e\x6e\xab\xe7\x9a\x77\x02"
	"\x4e\x18\x62\x0c\xa3\xe5\x7d\xd1\x10\x48\xee\x1f\x5f\x5f\xbe\xbd"
	"\xbd\xbf\x5e\xbe\xb4\xbf\xbf\xff\x63\x02\xcc\x98\xd8\x3b\x9e\xb7"
	"\xb7\xab\x91\xe1\xf8\x72\x53\x50\xef\x46\xab\xec\x05\xb1\xc8\x45"
	"\x66\x89\xca\xe1\xdf\xf3\x09\xe0\x60\xa8\x8c\xa7\x54\x70\x22\x15"
	"\x65\x6e\xae\x3b\x77\x4a\xaa\x4b\x2a\x4c\x1e\xb9\x2e\x4a\x75\xbf"
	"\x8d\x00\x0a\x3d\xc9\x6e\x6f\x4f\xe6\x79\x89\x58\xa7\xf7\x80\x2e"
	"\xd7\x10\x26\x04\xf5\x20\x08\xb5\x88\x4a\x52\xdb\x12\x11\x91\xb8"
	"\xfb\x44\x44\x59\x09\xd6\x53\x88\x42\x2d\x71\xa9\xf5\xba\xc8\x56"
	"\x79\x62\x99\x9d\xd3\x36\x77\x2b\x79\xd2\x33\xea\xd6\x14\x8b\xba"
	"\x0b\xf7\x37\xd1\xf6\xb2\x13\x1c\x27\x9c\x9f\xf0\x49\x45\xce\xea"
	"\x11\x66\xaa\xd0\xd1\xa5\x76\x42\x73\x5e\x85\x8f\x4c\xf0\xf1\x6a"
	"\x79\xfc\xef\x85\xae\xf7\x1d\xb9\x70\x00\x93\x92\x7a\x55\xa3\xf9"
	"\xd6\x7a\x29\x7a\x90\xae\xe2\x4e\xa6\x8a\x6d\x99\x0a\x7c\xce\x49"
	"\x16\x91\x01\xb7\xbb\x7c\xbb\xbc\xbe\x7c\xea\x81\xb3\xc2\x76\xf5"
	"\x3e\x76\x79\x75\x6c\xfb\x3d\x83\xdc\x82\x93\xaf\x11\xb3\x48\xf6"
	"\x4c\x9d\x95\xce\xe5\x50\x0e\xfb\x3c\x26\x69\x61\x64\xca\xad\xba"
	"\xe2\x12\x5e\x65\x2a\x31\x84\x0a\xdc\xa3\x05\xb5\x3f\xab\x4c\x34"
	"\x7a\x05\x46\x28\x84\x23\x54\xf1\x7f\xf4\x64\x9c\x72\x9a\x8e\x08"
	"\x2d\xe0\xd0\x58\x4e\xab\xc5\xbb\x71\xbc\x46\x67\xb7\x09\x49\xd3"
	"\xc8\xb2\xf6\x94\xc8\x49\x9c\xbe\xa1\x83\x53\x38\xb0\x40\xf6\x12"
	"\x2d\xec\x8e\x95\x3b\xb1\x8b\x28\xe2\x49\xae\x28\x1f\xaf\x10\x53"
	"\xd8\x0e\x00\xfb\x69\x5f\x8c\x9c\xb1\x59\x81\xc4\x81\x80\x90\x98"
	"\xfb\x27\xd9\x8a\x13\x17\xc8\x8c\x1e\xf3\xcf\x97\xc7\x3e\x4d\xb2"
	"\xeb\xab\xe9\x28\x08\x7c\xa3\x72\xf3\x19\x07\x32\x38\xe8\xe9\xf1"
	"\xb2\x76\x86\x21\x4b\xf7\xbb\xe5\x7a\xda\xeb\x9e\x26\xf4\xf4\x78"
	"\x23\x2d\x9b\x12\xb3\x4c\x97\xc6\x87\x12\x2b\xcd\x92\x9e\x1c\x6a"
	"\xec\xcd\xdd\x67\x51\xd9\x8f\xb5\x83\xc8\x75\x5d\xeb\xdf\x9b\x43"
	"\x32\x94\x1d\x8d\x5d\x8b\x0e\xc4\xc4\x53\x01\x43\x63\xc8\x8c\x9d"
	"\x98\x16\x06\x09\x83\xf0\x82\x93\x54\xe5\xda\xa3\x5d\x88\xc6\x7e"
	"\x72\xfe\xfa\xfc\xe3\x4b\x17\xd9\xfa\xe5\xb7\x1f\xdf\x7f\xbc\xcd"
	"\xbe\x5e\xbe\x7e\x7f\xfd\x7b\xf6\xfc\x7a\x79\x9e\xbd\xbd\xfc\xef"
	"\xe5\x5f\x7a\x50\x30\xa2\xf6\x87\x36\xeb\xc3\x6e\xae\x27\x1c\x79"
	"\xf0\x1a\xb8\x56\x14\xc8\x91\x0d\x49\x5d\xe5\x1c\x43\x63\x4f\x1a"
	"\x45\xf1\xfc\x06\x90\x73\x83\x52\xd1\x23\xc7\x90\x81\x9b\x6b\x54"
	"\xf6\xee\x90\x37\x0d\x73\x43\x39\x44\x42\x2e\xb3\x23\x1a\x22\x43"
	"\x42\xee\xff\xfa\x2b\x00\x71\x57\x58\x45\x5b\x66\x11\x77\xdf\xab"
	"\x0d\x01\xec\xdb\xee\xb7\x7b\x53\xdf\xab\x38\xee\x13\x05\xbe\xa4"
	"\x6b\x81\xc9\xc7\x30\xdd\x40\xee\x8f\xb3\xd7\x30\xf4\x7a\x1e\xf6"
	"\x5c\x05\x8e\x74\xbf\xaa\x76\xa9\x51\xe2\x5a\x9b\x32\x85\xa1\xbf"
	"\x2e\x20\x1b\x2d\xaf\x91\x13\xb7\xe4\x26\x29\xc4\xef\xd1\xfd\x24"
	"\x24\xb1\x8b\x90\xe9\x64\x3d\x16\xd1\x07\x83\x00\x6e\x06\xc6\x11"
	"\xe2\x4a\x33\xa3\xea\x4b\xba\x31\x13\xe5\x6f\x23\x82\x85\xfc\x9d"
	"\x19\x87\x69\x49\xb0\x0b\x50\xe1\xe7\xad\x42\x20\x30\x6e\x75\x82"
	"\xa0\xd1\x7a\xfc\x58\xc9\x80\x03\x56\xb7\xe2\xe8\xdd\xd1\x47\x78"
	"\x73\xf7\x46\x24\x5b\xcc\xaa\xa7\x5e\xa5\xa6\x47\xa7\x04\x81\xdb"
	"\x99\x71\x47\xa5\xa1\x72\xa5\xb8\xca\x8f\x52\x0a\x8a\x90\xdb\xd7"
	"\x01\x04\x71\xe3\x85\x90\x75\xaf\x79\xb9\x5a\x36\xae\xe9\xf2\xb1"
	"\x22\x46\x1c\x14\xf8\x7d\xcd\xd1\xee\x0e\xb8\x0a\x90\x3e\x82\xae"
	"\x27\x4e\xa9\xca\x8b\xa3\xb0\x85\x19\x49\x4e\x65\xcd\x2a\x0f\x2d"
	"\xe5\xf2\x23\xc6\xc4\xdb\x82\x98\xd0\xed\x7a\xee\x85\x1c\x33\xe4"
	"\x0e\x71\x00\x50\xb9\xee\x76\x8e\xbf\x78\x17\x43\xc2\xb1\x72\x9a"
	"\x5f\x0c\xa8\x2a\xaa\x6e\x17\x50\xfb\x6e\xee\x28\xbd\x7a\x2a\xeb"
	"\x22\xb5\x12\x07\x4d\x1b\x52\x45\xb1\x17\x90\x07\xf8\xe2\x31\xc0"
	"\x6f\x36\x9e\xe6\x75\x5f\x79\x4a\xec\x1b\x76\x5d\xd1\x75\x9e\x3a"
	"\x13\x6c\x16\xdb\xa5\xb6\x80\xc4\x10\x59\xb6\x7c\xac\x69\x7c\x8a"
	"\x31\x9b\x00\x35\x0b\xc0\x20\xc2\x5b\xe1\x50\x87\x54\x02\xd3\xdc"
	"\x0c\x3d\x76\xca\x90\x9b\x07\xc9\xe8\x8d\xdd\xa6\xcb\xe6\xcb\xdb"
	"\x27\xd7\x56\x20\x58\x2e\x05\x14\x88\x8a\x27\x56\xe9\x69\xbe\x44"
	"\x1a\x17\xdf\x2f\xef\x9b\x36\x2e\x0b\xf7\x11\x46\x4a\x5b\xd9\x13"
	"\xac\x21\x88\x8d\x03\xc9\x6b\x24\x89\x03\x64\x12\xe3\x05\xbd\x43"
	"\x0c\x5c\x92\x4c\x49\x73\x6e\x15\x2f\x15\xdb\xd5\x52\xdc\xcd\xdd"
	"\x76\x3c\x52\x2e\x48\x0b\x01\xe9\x27\x61\x25\xb3\xc5\xab\xab\x76"
	"\x59\x8a\x32\x69\x81\x6f\x62\xb4\xe0\x39\x28\x34\x1c\x83\x4c\xf1"
	"\x1b\x79\xbc\xc8\xaa\xfa\x74\xae\x54\x14\x48\x2d\x4f\xf4\x51\x44"
	"\x8b\xf9\xfa\x0e\x10\x26\xe7\xd4\x54\x4b\xb9\xf5\x5e\xe9\xd7\x7e"
	"\x2e\x63\xb1\x95\xa7\x54\x82\xdc\x97\x70\x91\x2e\xb7\xf3\xf9\xca"
	"\xc3\x5c\xba\x57\x8d\xe1\x3b\xd7\x12\x74\x7f\xef\xc7\x44\xfb\xc5"
	"\xc3\x83\x1f\xa2\x2a\xba\x9d\xbb\x07\xea\x3e\xa3\xeb\xd5\xbd\x7b"
	"\xeb\x8f\xc5\x62\xbd\x59\x22\x5f\x1b\x96\xbd\x87\xfb\xc5\x12\x49"
	"\xec\x1e\xf5\x77\x42\x6d\x22\xc8\xf6\x6e\x33\x47\x2c\x6d\xea\x5a"
	"\x7e\xec\x96\xd1\x72\xe5\x93\x2f\x44\x45\x5c\x46\x52\xfb\x98\x96"
	"\xed\x41\x30\xd6\xa5\x7e\x1a\xbe\xb4\x4d\x38\xf2\xb8\x0b\x7b\x0f"
	"\x91\x9a\x8c\x78\x5a\x3a\x03\x57\x07\x75\xbb\x88\xf2\xf7\xb0\x9c"
	"\x2b\x0e\x10\x3c\xc9\x1c\x2f\x5d\x28\xe5\x84\xc0\x81\x79\xdf\x47"
	"\xce\xbd\xae\x4c\x4b\x7b\x13\x55\xd3\x9b\x31\x79\x52\xc8\x5c\xb2"
	"\x50\xc7\x91\xeb\x15\x92\x5e\xf3\xca\xbf\xf7\xf1\x53\xb6\x23\x48"
	"\x14\xaf\x1e\x21\xe5\xd4\xf5\xe6\xe1\xde\x95\xb3\xaf\x03\x6c\x57"
	"\xb4\x31\x0c\xb7\x47\x7a\xd3\xdc\xb9\x4d\x40\x69\xf4\xb0\x98\x4f"
	"\x96\x04\xd5\xbc\xfa\xf2\xd7\xf3\xdb\x8c\x83\x82\xea\x07\xc4\x9e"
	"\x7c\x9b\xbd\xfd\x2e\xa5\xfa\xcf\xb3\xf7\xd7\xe7\x6f\x6f\xd0\x0b"
	"\xb3\x2f\x2f\xdf\x2e\xb3\xcf\x72\x25\x7c\xf9\x03\xfe\xa9\xf7\x4a"
	"\x0d\xe9\x79\xbc\x43\x1e\x56\x48\x38\x33\x85\x41\xf2\xb0\x35\x0d"
	"\xa0\x0c\x76\xf2\xcf\xb3\xa4\xdc\x91\xd9\xaf\x2f\xaf\x5f\xff\x94"
	"\x55\x9b\x7d\xfe\xfe\xe7\xb7\x2f\xdf\x9f\x07\x2f\x79\x43\x44\x87"
	"\x5b\x22\x02\x23\xa4\x4c\xa7\xde\x32\xdf\xde\x2f\x5f\x66\x19\xa7"
	"\x4a\xc0\xef\x34\x08\x83\x20\x2c\x28\x4f\x1c\xe4\x93\xdc\xa7\xa7"
	"\xd4\x6b\x41\x7b\x48\xf8\x83\x31\xe9\xf3\xeb\x67\xd7\x6b\x50\xfc"
	"\xf7\x3f\x5e\xbf\xcb\x8d\xe6\xed\xfb\xeb\x4c\xbc\x3f\xbf\x5f\xb4"
	"\x90\xa0\xb3\x9f\x68\x21\xb2\x9f\x35\x05\xc9\x58\xbf\xb1\x38\xfd"
	"\x8c\x7c\x3e\xb8\x57\x7f\x46\xf7\xc8\x8d\x60\x93\xaa\xb0\xd0\x28"
	"\x93\x24\xc7\xe1\x04\x5f\x94\xd3\x03\x46\xf2\xf2\xed\xb7\xcb\xeb"
	"\x1f\xaf\x2f\xdf\xde\x55\xbb\x7f\xbd\xfe\xee\x6f\xca\xf4\x1a\x26"
	"\x65\x25\xff\x50\x4c\x0e\xcc\x0a\x3b\x1d\x39\xc9\xe0\xbb\x2a\xba"
	"\xac\xc5\x69\xb3\x59\xb9\xa7\xa1\x3c\x0d\xf3\x9a\xa4\x2d\x18\xbf"
	"\xb4\xd9\x62\xb1\x9c\x3b\x73\xc7\xaa\x62\x18\xa4\x20\x6f\x0f\x85"
	"\xd0\xf3\xd7\x02\x47\x5d\x12\x1b\xe1\xf8\xfa\x8f\x27\x1c\xa7\xa5"
	"\xd1\x5e\x55\x70\xf0\x9a\x31\x4e\xe9\x44\x2e\x6b\x70\x6e\x71\x2a"
	"\x96\xa8\x9e\x50\x4b\x3d\x1e\x9b\x59\x11\x14\xad\xb7\x12\x40\x6c"
	"\x6e\xe1\x9d\x07\x4f\xb8\x5b\x85\x80\x9b\x91\xf6\x7a\x91\xa9\x9a"
	"\xd1\xd7\x7f\xf6\xfe\xf7\x1f\x97\xd9\x4f\x72\x72\xff\xcf\x3f\x67"
	"\xef\xcf\x7f\x5c\xfe\x39\xa3\xf1\x7f\xc9\xd5\xe4\x67\xed\x5a\x73"
	"\x10\x19\xcd\xf0\x97\xfb\xaa\xa3\xba\xa7\xff\xc0\x2e\x04\x02\x18"
	"\x4b\x75\xde\x62\x0c\x85\x6b\x96\xae\x23\x4d\x37\x5c\x52\xed\x83"
	"\x88\x9a\x35\x31\x73\xab\x00\x3d\x2d\x76\x3b\xc3\x58\x56\x51\x05"
	"\x05\x83\x0e\x88\xb8\x6c\x74\x48\x3d\x2c\x77\xa6\x9c\xa7\x9e\x28"
	"\xf9\xf4\x2b\x9a\x90\x84\x86\x10\x5c\xfd\x1d\x00\x09\x22\x6e\x81"
	"\xa4\x3c\xc2\x92\xf1\x75\x98\xaa\xf4\x0e\x3b\xc8\x99\x92\xc2\x25"
	"\x96\xe1\x9f\xa1\x38\x35\xe2\xd8\xdd\x71\x21\x7c\x21\xec\xd3\x89"
	"\xe7\xe5\xb4\xd9\x45\xab\x0e\xef\x07\xdd\x85\x40\x51\xde\x2c\x3d"
	"\x98\x88\x2d\x3d\xcc\x7e\x78\xad\xce\x6d\x23\xff\x53\x53\x11\x7f"
	"\xd3\xbe\x44\x4c\xa5\x15\x57\x96\xb1\x6d\x90\xd3\xc5\x00\xf0\x7e"
	"\x0f\x42\x49\xe5\x79\x3b\x21\xd4\x5f\x3d\xc2\xe9\x83\xb7\x02\x00"
	"\xd8\x06\x00\xdb\x3b\x1f\x00\x92\xc9\xf9\x1b\x91\x9d\x02\xec\x63"
	"\xe6\xf9\x96\x2a\xb0\x98\x1c\x39\x1e\x04\x24\x4d\xad\x70\x3e\xe4"
	"\x9f\x5c\x22\x9a\x28\x29\x54\xa9\xb5\x36\x67\x67\xcc\x66\x66\xc4"
	"\x78\x24\xb0\x11\xe3\x6f\x69\x59\xaf\x42\x80\xa5\x7f\x7e\x66\xa4"
	"\xaa\xcb\x03\xc7\xa6\xe7\x31\x11\x7b\x1a\x4f\xb6\x82\x8e\x6c\x27"
	"\x1f\x74\x21\xa4\x34\x0f\x11\x91\xad\x95\x4f\x72\x87\xdc\xac\x2e"
	"\xb2\x3c\x19\xb2\x29\x0b\xca\xa3\x59\x3c\x5d\x4c\xbb\x3b\xad\x84"
	"\x91\x1a\x0e\x8b\x25\x89\x53\x33\xc6\xac\x3d\xc3\x6a\x8e\xe8\x3c"
	"\xba\x2e\xc9\x11\x63\xe1\x7e\x63\x6c\x56\x8b\xed\xc2\x33\x45\x92"
	"\xa3\xaa\x46\x17\xb1\xdd\xb3\x0a\x97\xbe\x25\x3a\x87\x5c\xd6\x5e"
	"\x3e\x59\x20\xb9\xce\xba\x46\xd4\xcc\x33\xc5\xc4\x53\x76\xbf\xa2"
	"\x1b\xb9\x18\x2d\x71\xd0\x41\xf6\x33\xa7\xe0\x42\x39\xf7\x81\x48"
	"\x68\xed\x8c\xe9\x6a\x7b\xff\x97\x67\xb6\x41\x5d\xb6\x0f\x77\x38"
	"\xe2\x1c\x3f\x2c\xb6\x9e\xe6\xe0\xf9\x9a\x3a\xa1\x23\x0b\x2c\x6a"
	"\x65\xb6\x99\xcf\x17\x38\x7f\xd8\xa3\xe4\x78\xcf\x28\xf7\x2c\xcf"
	"\xf1\x1e\xe7\x15\x22\xee\x3e\xab\x7d\x43\xac\xdf\x45\x96\xa0\x84"
	"\xd2\xe6\x8c\xae\x9c\x72\x49\x8f\xb1\x4b\xc3\x9a\x21\xea\x29\xec"
	"\xde\x6d\xd4\xf4\x65\xea\xf6\xb0\xe6\xf9\x54\xe3\x16\x1b\xb5\x91"
	"\x48\xaf\xac\x17\xf7\x09\x16\xb4\x38\xad\x50\x76\xc2\x0b\xab\x94"
	"\xee\x4a\xae\xcb\xcf\xae\xcc\xbd\x5d\x66\x02\x57\xb8\x52\x59\x1a"
	"\x85\x42\x68\xef\x29\x75\x30\x8a\xb0\x82\x47\x4b\x8e\xc8\x49\x29"
	"\xf6\x98\x12\x2c\x6b\xeb\x3d\xcf\x41\x4a\x3d\x71\x48\xa4\x82\xd9"
	"\x2b\x40\x55\xd0\x64\x63\x31\x64\xb0\x24\x18\x0b\x8c\xba\x91\x5b"
	"\x0c\x68\x0e\x36\x4e\x25\xef\x23\xab\x0a\xb4\x54\x57\xc0\x68\xb3"
	"\xa3\xdd\xca\x7d\xc9\xea\x2e\xa4\xad\x7e\x4a\x52\x62\xd9\x3d\x5f"
	"\x79\xf2\xdc\x65\x5c\xc5\x8f\x24\xb9\x04\x53\xbb\xbf\x71\x8b\x64"
	"\xc9\x05\xdf\x6f\xa5\xb2\x17\x18\xa2\x2f\x98\x9c\x22\x0c\x31\x44"
	"\x3d\xed\x90\xb7\xa1\x20\x61\x55\x06\xf9\x64\x0b\xb8\x7a\x1c\xf3"
	"\xcb\xa8\x6c\x80\xb1\xbb\xd1\x91\xe9\x38\x31\xc6\x7e\x43\x54\x9b"
	"\xc9\x51\x58\x01\x6e\xbb\x13\x36\x63\x6c\xb6\x58\x6d\xef\x66\x3f"
	"\x25\x2f\xaf\x97\xb3\xfc\xf3\xb3\x4b\xc5\x93\xf0\x8a\xa1\x06\x89"
	"\x03\xb3\xcd\x0b\xf1\xe4\xb6\xfd\xed\xaf\xa3\xf5\x0c\x5a\x56\x44"
	"\x6c\xd3\x6c\x2d\x2a\xf2\xd8\xd8\x52\x95\x3e\xd8\xd0\xec\x1c\x8e"
	"\x24\xe5\x1f\x3d\xce\x1e\x89\x7b\xd7\xe4\x1e\x7f\xaf\x9a\x91\x0c"
	"\x33\x08\x42\xdd\x04\x4e\x0d\xc6\x81\xab\x76\xe4\x3a\x7f\x87\xb8"
	"\xff\xca\x17\x09\x86\xfa\x06\xc1\x71\xae\x48\x51\x2f\x01\xb0\xcd"
	"\x46\xdb\x06\x4c\x38\x0f\xd6\x95\xfc\x07\xd2\x6d\x9d\xf9\x39\x2f"
	"\x4d\xf5\xf5\x98\x69\xea\xa0\x27\xa3\x3a\x40\x4a\x56\x58\x8b\xc5"
	"\xbf\x97\x57\x0d\xb5\x91\x23\x4c\xfe\x6c\x4f\xea\xe3\xaa\xdc\x41"
	"\x48\xc5\x4f\xd8\xfd\x46\x9e\x5a\x37\x4d\x7a\xd6\x94\xdc\x71\x25"
	"\xa1\xec\x92\xae\xca\xb9\xcf\xa6\x42\x28\x7e\x79\x7b\x7f\x7d\xf9"
	"\xe5\xc7\xfb\xe5\xf3\x4c\xfc\xf9\xf2\xfe\xe9\xf7\x19\xb9\x26\x1f"
	"\x73\x18\x2d\xcb\x7a\x81\x39\x8a\xe5\x75\x23\x17\xa7\xb8\xa8\xda"
	"\x55\x27\x2d\x5e\x5b\x51\x54\x98\x88\x53\x3f\x95\xfb\xc2\x79\x67"
	"\xa6\x95\x47\x62\x52\xd6\xe6\x72\xd5\x93\x60\x23\xaa\x12\x6b\xf2"
	"\x39\x0a\xd8\x31\x33\x61\x15\xab\x17\xab\x45\x13\x78\x28\xad\x99"
	"\x99\xb4\x93\x50\x86\xc9\x9b\xbd\x06\xb1\x16\xa1\x9a\x64\xe4\xa3"
	"\x59\xa8\x5c\xc9\xc6\xde\x0c\x3d\x6b\x88\x10\xf2\xe7\x66\xb1\x58"
	"\xa0\x57\x60\x25\x8c\x83\x95\x5b\x68\x94\xcf\xb6\xf2\x2c\x1d\xaa"
	"\xac\x19\xf0\x54\xfe\x04\x87\x2b\x77\x07\x00\xa3\xad\xa4\x6c\x40"
	"\xf7\x68\xb6\x81\xa1\x58\x68\x6d\x61\xa6\x7c\xae\x53\xa4\xa2\x75"
	"\xba\x40\x19\x0c\xe5\x60\x1f\x09\xf7\x1a\x1c\xea\x76\x94\x3b\x3e"
	"\xc1\x9c\xeb\x48\xcc\xac\x2c\x3c\xb2\xd5\x91\xbf\xb5\x5d\x84\x60"
	"\x73\x42\x44\x77\x77\x88\xd8\x97\xc1\xba\x88\xa8\xbe\xf2\xc6\xdd"
	"\x47\x14\x1b\x94\x35\xdf\x15\xf9\x0a\x2d\xac\xc1\x8c\xa9\x6a\x96"
	"\xd9\xd7\x1c\xfa\x83\x75\xb0\xc1\xd4\x8a\x15\x14\xe5\xc4\xff\x4c"
	"\x97\x4d\xdc\x58\x1f\xfb\xec\xf1\xb2\x6d\x2d\xe2\x63\xa6\x43\x4e"
	"\x61\x48\xb4\x6b\x82\x98\x0a\xc1\xa4\xfc\x70\xe4\x96\x57\x8c\xa3"
	"\x15\x7b\x96\x0a\x53\x6e\xee\x49\x6d\xbd\x40\xf4\x9d\x3d\x7b\xe5"
	"\x67\xdf\x05\xd8\xa7\x24\x50\x33\x79\xee\x2b\xcc\x55\x07\x19\x33"
	"\x71\x70\x19\x8a\xcd\x95\xb8\xcb\x70\x91\x86\x26\x7d\x6c\x07\x94"
	"\x8e\xd3\x25\xa2\x9e\x96\x9f\x03\xa2\xc9\xfb\xcb\x83\x2c\x9f\xac"
	"\x31\x06\x19\x5b\x06\xeb\xce\x3e\xc2\xf2\x64\x74\x84\xa2\xb4\x79"
	"\x09\xde\xaf\xb9\xdc\x28\xc0\xa2\xab\x65\xe1\x92\x1a\x62\x26\xe6"
	"\x5b\x22\x3a\x80\x53\xb3\x0b\x34\x05\x94\x68\x29\xa7\x56\x82\x68"
	"\xde\xdc\xef\xe3\x65\xbb\xc3\x16\x5c\xa5\x7a\x4b\x18\xce\x2e\xe7"
	"\x77\xe8\xde\xb0\xcf\x05\x46\x87\xf8\x0f\x09\xca\x0c\x77\xcc\xde"
	"\xe8\xde\x7d\xb9\x70\xa6\x72\xd7\x1e\x18\x9c\x9f\xae\x9f\x04\xd3"
	"\x96\x30\x3b\x2f\xbc\xc9\x41\x0c\x17\x76\x11\x46\x47\x16\x0d\xde"
	"\x60\x8f\xd8\x5b\xa6\xc9\xc1\x8a\xbb\xc3\x6a\x26\x19\xc8\x33\x49"
	"\xb6\x98\x3f\x06\xba\x6d\xb3\xbc\x6f\x8c\x09\xf0\x21\x0b\x0c\xb4"
	"\x8c\x54\x27\x96\x1a\x7d\x9d\x9d\x32\xcc\xd9\x2f\x03\xf1\x94\xb4"
	"\x11\x62\x4a\xf2\xe8\x1c\xd6\xe2\xf1\xc9\x70\xa2\x87\xdf\xbe\x04"
	"\x12\x63\xd5\x64\xbd\x48\x5e\x18\xed\xc9\xd2\x46\x8e\x60\x44\x2f"
	"\x0b\x3c\xf4\x44\x27\xb9\xf7\x5e\xae\x38\x4f\xd8\x8e\x3a\x71\x5a"
	"\x99\x23\xf3\x51\x6c\x36\x77\xee\x4d\x18\x58\xf7\x0b\x84\xf5\x51"
	"\x3e\xd6\x20\x1a\x58\xeb\x85\xc5\x64\x81\xca\xe9\x72\xf3\x01\x31"
	"\x4f\x93\xcc\x66\x79\x27\xb9\x81\x39\x96\x3d\x55\x86\x77\x18\xfc"
	"\x5e\xcc\x11\x23\xd9\x84\x91\x34\x0f\x08\xc7\x39\x91\xa2\x6e\x66"
	"\x94\xd9\x93\xdc\x12\x96\xd8\xac\x36\xcb\x40\x25\xe5\x3f\xab\x22"
	"\x2f\x32\x2b\x9d\x81\xf2\xc0\x0d\x6d\x70\x9b\x95\xe9\x81\x96\xb3"
	"\xe5\x63\xb8\xc3\xf3\x93\xdc\xd4\xc9\x24\xbf\x79\xcc\x9c\xd9\xbc"
	"\xb4\x07\x8b\x47\x6e\x1e\x27\xf6\x05\x16\x97\xa5\xcf\x19\xc7\xf2"
	"\x1d\x37\x13\x35\xec\xe5\x59\x40\x7e\x6c\x67\x7f\x3d\x31\x30\xe4"
	"\x4e\x78\xe0\x60\xd4\xa9\x7d\xf5\x42\x0f\x29\x59\x61\x77\x3e\x87"
	"\x14\x95\x14\x0f\xe9\x0e\x3d\x39\x37\x2c\x6f\xd1\xe7\xb0\x60\xf1"
	"\x63\x0d\x8f\x24\xed\x7d\x7c\x35\x4b\x2f\xf2\x80\x2d\xe4\x9d\x29"
	"\xb3\xb5\xa9\x4d\x8b\x85\x18\xb3\x35\x33\xe4\x89\xcd\x62\xb5\x45"
	"\x6e\x21\x81\x55\x17\xee\x55\xae\xda\x2c\xd6\xdb\xd0\xcb\x72\xb8"
	"\x45\x72\x1e\x75\xab\xd8\xe8\xfe\x6a\x3d\xbf\x0b\x8c\x72\x38\x23"
	"\x59\xf1\x85\x07\x96\x20\x99\x14\x7e\x8c\x68\x54\x02\x36\x96\x36"
	"\x38\x1e\x05\x63\x07\x77\x91\x3c\x35\x73\x93\x0b\xba\x5d\xce\x57"
	"\x8b\x40\x71\xdc\xbc\x8a\xe1\x62\x8b\x5d\x60\x70\xb1\xd8\x22\xac"
	"\x24\xf0\x11\x45\x66\xda\xe3\x89\x8c\x6e\x17\xee\xa1\xcb\x4a\x4e"
	"\xdd\x82\x04\x14\xb2\x5d\x2c\x1a\xb3\xa0\x8e\xd6\x67\xd9\x2d\x8a"
	"\x47\xe4\xfa\x06\x70\x77\xa1\x65\x49\xd4\x6a\x5d\x36\x5e\x50\x67"
	"\x70\xdc\x0d\x7f\x16\x53\xe7\xb3\x27\x65\xf9\x94\xc9\xa1\x8b\xc9"
	"\xbd\x3b\xc4\xc8\x98\x42\xf4\x81\x1c\x59\x5a\xf9\x31\x50\x89\xa7"
	"\xbc\x28\xe5\xa9\xce\x68\x40\x4f\x6b\xe3\xb3\x6a\x06\x98\xb3\xf8"
	"\x4b\xa9\xd9\xfe\x58\x1b\x8b\x5e\x47\x09\x3c\x65\x3e\xc1\x5b\x5a"
	"\xca\xad\x97\x20\xda\xae\xda\x52\x16\x4e\xcb\x3b\x99\xab\xb5\xfc"
	"\xd9\x56\x7b\x9e\x23\xca\x33\xc9\x05\x97\x5b\x6a\xe9\x9a\xa7\xc5"
	"\x9e\xf9\xc7\xdc\xcc\x87\xd6\x51\xda\xf3\x3d\x26\x8b\x8e\x80\x15"
	"\x02\x48\xe2\x98\x63\x92\x79\xe9\xea\xb6\x72\xff\x94\x72\xcd\x61"
	"\x56\x9c\x25\x65\x30\x36\x51\x52\xda\x2f\xa3\x83\x89\x2b\x63\x2b"
	"\x40\x40\x83\x00\xde\x12\xd8\xa9\xa0\xc3\xf0\x3a\x22\x98\x77\xa7"
	"\x02\x1c\xe5\x61\xe8\xd8\xe0\xfe\x8f\x06\x0a\x1c\x96\x2a\xe6\x29"
	"\x2e\x70\x52\x51\x98\x82\x82\xb2\x0d\xe7\xf7\x87\xf4\xa9\xa5\x35"
	"\xe7\x33\xd9\x4d\x9e\x6e\x01\x55\x17\x20\x9c\x0a\x21\xb9\x3d\xe5"
	"\xb5\x1c\x26\x28\xa0\xde\xcc\x57\x0d\xca\x96\xbd\x0d\x16\x16\x3e"
	"\xfe\xe6\xc1\xc7\xef\x75\x43\x28\x80\x72\x4a\x62\xbc\x7a\x31\x39"
	"\x71\xdf\xe3\x71\x29\xc5\xae\xbb\x8d\x9f\xbf\x7e\xb0\xf9\xe3\xdd"
	"\x45\xc3\x54\xdf\x19\xf6\x3e\x54\x5d\xe0\x63\x25\xaa\xc3\x5c\xdb"
	"\x9c\xc9\x13\x0a\x49\xc1\x2a\xa3\x5e\xcc\x17\x0b\x8a\x63\xc0\xe9"
	"\x1e\xe1\xf5\xa7\x18\x9c\xaf\xc4\x76\xa4\x4d\xa3\x88\x6d\xb7\x4b"
	"\x31\x40\x7e\x45\xcb\xed\x12\xb5\x13\xfc\xc5\x07\xef\xe3\xbd\xc8"
	"\x82\xf2\x61\x33\xc2\x99\xb5\x3c\xe1\x36\x6e\xe9\x06\x14\xcf\x72"
	"\x29\xe2\x14\xff\x2a\x27\xb8\xb6\x13\x0c\xe5\x37\x3c\xe5\xb9\x9c"
	"\xef\x72\x36\x2d\x2b\xf8\xdb\xd7\xb1\xf2\xa4\xb3\xdd\xde\x67\x2e"
	"\x8d\x5e\x59\x6a\xee\x2d\xf2\x47\x1b\x89\xd8\xcc\x95\x09\xc4\x98"
	"\x81\x5b\x16\x33\x89\x76\xa4\x16\xa0\x65\x65\x69\xa1\xd4\xdd\xa9"
	"\xe9\x8d\x2c\xc9\x85\x81\xaa\xcd\xd7\x15\x7d\x24\x4e\x9d\xa2\x67"
	"\xa8\x00\x42\x99\x0b\xf3\x3d\x83\xa1\x9f\x46\x02\x4a\x1f\x96\xe6"
	"\xfa\x59\xdc\x6a\x2f\x91\xee\xb5\x87\xc1\x94\xbe\x0b\xbd\x03\x56"
	"\xb0\xa6\xfd\xba\x64\x51\x52\x53\xd4\x04\xff\x91\x9c\x31\x15\x0e"
	"\xb0\x4b\xb6\x23\xe2\xe8\xda\xb9\xfb\x60\x2f\x9b\xc5\xfd\xdc\xac"
	"\x49\x47\x5c\x9a\x44\xb9\xef\x3e\x6c\x9a\xc6\x24\xca\x3f\xc6\x05"
	"\xcf\xd0\x0e\xd2\x6c\x36\x8b\x87\x06\x63\x6c\xdb\xc5\xc3\x86\x4c"
	"\xb9\x34\xa6\xea\x9a\xc3\x6e\x7f\xcf\x6b\x19\xcb\x90\x76\x0c\x88"
	"\xdc\x4a\xa6\xdd\xb3\xf6\x47\xd9\x49\x7c\x40\xa0\x7d\x35\x94\x92"
	"\x45\xdc\x0f\x8a\xb3\xed\x1a\xb1\x30\x19\x20\xa2\xda\x3e\x20\xdb"
	"\xbe\x06\xd9\x84\x20\x72\xc6\x3f\xdc\x23\x87\x35\x1d\xb4\x0d\x81"
	"\x76\xe9\x7a\x39\x27\x9e\xee\xcb\x61\xc1\xdd\xcc\x5d\xdd\x07\xcb"
	"\x79\xe4\x2d\x3d\xa3\xe2\x61\xb3\x9a\x7b\x8a\xaf\x20\x81\xab\x14"
	"\xb4\x45\xed\xfc\xee\x90\x31\x55\xb0\xe1\xd2\xde\x07\xb1\x2b\x48"
	"\x52\xde\x66\xf7\xeb\x15\xee\xa4\x42\xf2\xe5\xc3\x12\xab\x5b\xc4"
	"\xd2\x47\xdd\x42\x46\x3d\x50\x65\x72\x01\x39\x36\xf6\xab\x58\x29"
	"\x8a\x7c\xb9\xd9\x6c\xf0\xc9\x48\x97\xd6\x59\xc7\x6a\xc7\x47\x72"
	"\xac\x8e\xc2\x39\xc0\x9b\xcd\x72\xb5\x98\xb7\xbe\xc9\xac\xd2\xa5"
	"\x93\x34\xfb\x3f\xce\xae\xad\xb9\x6d\x1c\x59\xff\x15\x3f\xee\x56"
	"\x9d\xdd\xe1\x45\xbc\xe8\x61\x1e\x20\x92\x92\x10\xf3\x66\x02\x92"
	"\xe8\xbc\xb0\x7c\x1c\x4f\xe2\x5a\xc7\x4e\x39\xc9\x9e\x99\x7f\x7f"
	"\xd0\x00\x29\x91\x14\x1a\x60\xe6\x21\x29\x0b\xfd\xe1\x0e\x02\x0d"
	"\xa0\xf1\x35\x62\xb4\x34\x40\xee\xc4\x1a\x73\x3a\x21\xb7\xea\x00"
	"\xda\xb3\xca\x98\x80\x58\xa2\x03\xb7\xc5\x07\x38\xad\xf7\xa6\x62"
	"\x32\x9a\x35\x0d\xe9\xb0\x5b\x2a\x80\x1c\xf3\xd0\x32\xf4\x93\xbd"
	"\xd8\x85\xea\x9a\xf2\xa4\xb6\xab\xa3\x5f\x97\x4b\xe0\x62\xb6\xe3"
	"\x17\x21\xb1\xe7\xea\xb6\xb2\x84\xef\xaf\xbc\xb0\x4e\xd2\x92\x34"
	"\xca\x23\x2d\x6f\x6f\xb0\x4b\x03\x29\x30\xe8\xa4\xf7\x25\x11\x4b"
	"\xa0\x62\x4d\x80\x00\x49\xb8\x83\x45\x09\x6e\x71\x09\x72\x30\x25"
	"\x64\xeb\xdb\x6e\x3f\x62\x26\x55\x21\xf3\x9a\xa8\xd0\x0d\x4f\xaa"
	"\xac\x1d\x11\xe9\x8c\xf3\x58\xdf\xe2\xe9\xf3\xe4\x0a\x0c\x81\x26"
	"\x6e\x1f\xd2\xe4\x6b\x37\x1a\xad\x24\x43\xc8\xc0\xbf\x32\x0f\x3e"
	"\xd5\xc9\xf4\x1d\x46\x1f\xbe\x3f\x35\x5a\x7b\x31\x51\x8a\xf0\x36"
	"\x9f\x95\x4b\x84\x74\x4c\x7f\xe9\xd6\x4b\x15\x0f\xd6\x3c\x8e\xb1"
	"\x2b\x01\x60\xa2\xb7\xe9\x21\x40\x5e\x84\x1b\x85\x92\x26\x08\x3c"
	"\x1f\xd9\x17\x8a\xb9\xd8\x75\xb0\xb4\x67\xc7\xfa\x97\x68\x49\xe9"
	"\x87\xda\xb7\xd3\xd3\x71\x5b\x64\xb3\x56\x2a\x10\x92\x33\xc2\xa3"
	"\x30\x09\x9c\xb6\x9b\xcd\xee\x9a\x54\xf5\x37\xd4\xc8\xbd\xf1\xca"
	"\x37\x58\x42\x6f\xc0\x18\x1b\xdb\xe7\x81\x70\xab\x3f\xd9\x1b\x97"
	"\x66\xb8\xaa\xd4\x88\xae\x6e\x8a\x68\x7d\xf2\xb0\x0d\x3a\xc8\x3c"
	"\x4c\x76\xca\x57\xeb\x30\xc0\x64\xfe\x7a\x85\xca\x4e\x74\x4b\x2d"
	"\x35\x90\x2f\x80\x18\x9d\x94\x14\xd6\x46\xa2\xd7\xdf\x85\x4e\x54"
	"\x20\x46\x75\x75\xb0\xd2\x3c\x2a\xbf\x88\x1b\xca\x0a\x2d\x29\xf9"
	"\xb8\x38\x97\x5b\x9f\x0b\x7f\x56\xd6\x70\xc2\x66\x9c\x5a\x32\xac"
	"\xc3\x94\x81\x33\x80\x61\xf7\x45\x17\x04\xf2\x6c\xef\x0c\xc0\x3f"
	"\xd0\x33\x04\xe8\xad\xcc\x08\xb0\xfe\x04\xf2\x1b\xfd\x56\x05\xba"
	"\x09\x31\x39\x2a\x4e\x79\x7c\x6b\x6b\xb3\x2c\xa5\x44\x2d\x37\x67"
	"\xda\x8a\x48\x68\x85\x07\xfd\xc0\x6c\xc8\x74\x4f\xd2\x70\xaf\x75"
	"\x26\xda\x96\x08\x59\x39\xce\x6c\xde\x1f\x4b\x03\x93\x34\x74\x0d"
	"\x31\xe3\xab\x98\x93\x54\x27\x5c\x81\x0d\x8f\xfc\x59\x00\xc4\xd7"
	"\x07\x89\xbf\x7c\x7f\xbc\x2b\x98\x48\x02\x5c\x12\xf9\x7a\x49\x80"
	"\xa6\x16\x20\xa9\x1d\xca\xdb\xb2\x3a\x95\x73\x51\x37\x39\x28\x53"
	"\xad\x0d\x61\xdd\xbc\x22\xad\x01\x7b\x66\x4e\xd2\x09\x15\xe1\x82"
	"\x56\x74\x45\x39\xa6\x44\xd8\x25\xe7\x64\x9c\x5c\x5f\x5b\xc8\xfd"
	"\x58\xec\x68\xbb\x0f\x24\xd1\xb8\x0c\x32\x60\xb6\xe6\x8a\x50\x58"
	"\x5f\xe7\x65\xca\x81\x52\x21\xc9\x90\x41\x23\xa5\xcc\x28\x4d\x71"
	"\x69\xe4\xf9\xc4\x28\xdd\x18\x52\x8e\xe3\xcc\x98\xaf\x41\x2a\xb4"
	"\x3d\x92\x61\x2d\x25\x6a\x7b\x98\xb4\x0a\x4c\x01\x57\x01\xf3\x11"
	"\xa2\x02\x67\x06\xf0\x43\x7a\x57\x9a\x17\x08\xda\xb6\x3d\x5c\x87"
	"\x88\x91\x0a\x04\x35\x63\xa7\xe5\x93\x8e\x67\x93\x83\x70\xf1\xb3"
	"\x5b\xbb\xb6\xd5\x9e\x4d\xb4\xba\xe4\xe4\xe2\x2a\xb3\xfe\xbc\xfd"
	"\x94\xbb\x1e\x72\x27\x0d\x22\x64\x53\x29\x44\x31\x2a\x42\x6e\xcd"
	"\xc7\x65\xf8\x78\x9f\x8e\x2f\xcb\xe0\x33\xfe\x98\x8a\xb2\x8f\xe8"
	"\x18\xe1\xb7\xeb\x36\x13\x2b\xed\x21\xcc\xb0\x3a\x5c\x58\x1c\x4f"
	"\x8c\x16\xd6\xfd\xe8\x6c\x2f\x91\x94\x0c\xd6\x95\x02\x78\xd8\x24"
	"\x51\xd6\x54\x45\x05\xe9\x5d\x42\x42\x0f\xb9\xce\x3a\x03\x7c\x13"
	"\x00\xcc\x92\xe4\x39\x21\x0a\xd1\x0b\xf2\xd4\x50\x6f\x90\xca\xa3"
	"\x22\xcc\xa2\x01\x00\x7b\xa5\x2c\x63\x76\x0d\x00\x91\x46\xce\x53"
	"\x43\x58\x59\x68\x78\xa4\x85\x58\x3d\xcb\x8e\x1d\x5e\x6b\x35\x6d"
	"\x77\x22\xb7\x70\xa3\xa2\x5b\x3f\x65\x52\x07\x4e\xf3\xf1\x86\x00"
	"\xc2\x76\x59\x99\x4f\x6f\x6d\x1a\xde\xcd\xf5\xa8\xf1\xed\xf0\xca"
	"\x99\xda\x26\x2a\x8e\x85\x57\xf0\x1c\x7d\x73\x7a\x06\x46\xae\x7f"
	"\xf4\x2c\xd8\xcf\xaf\x9f\x6f\xde\x14\x99\xdf\x3f\x6f\x7e\xbc\x09"
	"\xf4\xd3\xcd\x8f\x2f\x03\x4a\x73\x1b\x80\x6d\x9c\x8f\x45\x0b\xd6"
	"\xb2\xc8\x23\xd6\x54\xf3\x3a\xe0\xf5\xdb\xcf\x1f\xe8\xb3\x6e\xc9"
	"\x3f\x39\xb2\x08\x87\x9f\xb3\x79\x5b\x85\x6d\xb7\x30\x24\xf3\x99"
	"\x53\x0d\x25\x03\xab\x74\x8c\x6b\x5d\x21\x98\x64\xca\xbd\x2d\x10"
	"\xcd\x52\x81\x0a\xc2\x1b\xda\xce\x41\xb2\x12\x87\xef\x4f\xef\x2f"
	"\x0f\xaf\x9f\x6e\x9e\x5f\x7f\x3c\xbd\xff\xf1\xa0\xe8\x6a\xa6\xb1"
	"\x2b\xb1\xdf\x55\xf4\x50\xda\xf0\xae\x66\xe4\xd0\xa2\x52\x96\x34"
	"\x59\x56\x76\xed\xef\xae\xe3\xad\xcc\x98\xfb\xdf\xa3\x30\x9e\x17"
	"\xfe\x43\x75\xaf\x77\xa2\xab\xc4\xd9\x71\xc6\x5c\x35\x04\x63\x9f"
	"\x92\x92\xdf\x66\xf7\x40\xb9\xc5\xcd\x10\x31\xfb\x6f\x2a\xa4\xe3"
	"\x31\xe2\xc9\x73\xe4\x4d\x25\xd6\xe4\x89\xed\x50\x1f\xd6\x91\x54"
	"\xbf\x3f\x1a\x01\xea\x20\x40\xce\xa1\x66\x20\x9d\xe5\xc2\x05\xc2"
	"\x6f\x37\xfa\x22\xdc\x71\xd7\x41\x38\x67\x46\x18\xcf\x0d\x2d\x98"
	"\xfc\xf6\x76\x93\x9a\x8a\x00\x37\x88\xda\x12\x80\x40\x0e\x70\xc4"
	"\xbf\xcf\x19\xc8\xc5\x8c\xbb\x72\x43\x2b\x28\x5e\xb9\x96\x16\x53"
	"\xdf\x81\xa5\x42\x45\xec\x23\x1b\xfb\x09\xc6\xf7\x6d\x79\xb5\x91"
	"\x1f\xac\x2d\xa0\x84\x59\x00\x75\x23\xd6\x44\x33\xa6\xcc\x4e\x1c"
	"\x59\x6d\xce\x18\xf0\x37\x01\x13\xbf\x25\xbb\xde\xfc\xc4\x02\xe2"
	"\xd5\x89\x9c\xc8\xbd\x05\x25\x14\xf7\x8d\xa5\x67\x2b\x31\x23\xad"
	"\xcc\x90\x96\x5b\x53\x49\x48\xed\xba\xad\xa5\x5b\x31\x9a\xf7\xd1"
	"\x44\x84\x4e\x31\x62\x06\x82\xb7\xc9\x13\xa5\x7d\x08\xeb\x48\x49"
	"\x30\x17\x7c\x17\x8c\x9f\x5a\x00\x88\xa1\xc0\x19\x90\x54\x1b\xe4"
	"\x91\xe2\x19\xb2\xdb\x22\xd6\xd4\x17\x04\xe6\x1b\x77\x82\xe8\x0a"
	"\x1b\xe8\x40\xc5\x47\x5b\x20\xaf\x32\xcf\x30\x79\x06\x42\x12\x0b"
	"\x8a\xd1\x34\x3b\xd1\x12\x73\x89\x7a\xc6\xf1\x02\x99\x33\x2f\xf9"
	"\x49\xc3\x3d\x33\x46\x6c\xf6\x1a\x5a\x59\xb2\x2a\xc8\x4e\x9a\xa2"
	"\x5a\x0a\x5e\x93\x24\xab\x9a\xcd\x02\xd4\x86\x20\x0f\xcf\x2e\x30"
	"\x4e\xcb\x9d\xb5\x09\x4e\x34\x15\x3f\xcc\xa0\x8f\xfb\xac\xdc\x1f"
	"\x2c\x43\x85\xb0\xc0\x71\x5d\x33\x06\x96\xdd\x83\xd6\xab\xd0\x19"
	"\xd2\xd6\x64\xb4\xd9\x99\x04\x0b\xad\x06\x93\xcc\x37\xcf\xea\x1b"
	"\x93\x7e\x59\x39\xfa\x09\xf2\xea\x90\xec\x95\x96\x30\x62\x7c\xbb"
	"\x04\xc2\xdd\x2c\xa9\xe5\x0d\x78\xca\xda\xee\xbf\x5e\xb8\x04\x46"
	"\xc5\x06\x4f\x41\x2f\x57\xe9\x28\x18\xc8\x5c\x04\x58\x7f\x01\x8f"
	"\xc6\x6a\x0a\xa0\xc8\x48\x87\xac\x7e\x31\x36\x4c\xd9\x68\x34\xc9"
	"\xb2\x9d\xa9\xd8\xb3\x78\x47\x4f\xe7\x56\x6c\x9c\x4f\xdd\x80\x1f"
	"\x02\x4e\xa7\x44\xba\x63\x04\x49\x59\x14\xaf\xec\x25\x26\x69\x14"
	"\x47\xd1\x32\xd8\xda\x0e\x6b\x84\x9a\xe8\xce\x29\xbd\xf4\x50\x38"
	"\xf9\xee\x8a\x96\xdb\x91\x07\xa1\x69\xd0\x36\xa1\x8d\x15\xba\x39"
	"\x78\xae\xe3\xfa\x56\x1c\x18\x90\x54\x65\xd6\xd1\xa4\x8c\x7d\x44"
	"\xef\x98\xe0\xef\xe3\x84\x17\x3b\x17\xb9\x17\x98\x42\x39\x67\x35"
	"\xbe\xd5\xbb\xc6\xae\xb0\x2d\xdf\x14\xda\x73\x00\xcb\x28\x81\xfe"
	"\xfb\x98\x81\x7a\xa2\x6c\xe0\xcf\xbd\xf6\xd7\x60\x8a\xa7\xf8\xaf"
	"\x91\x22\x4f\xa1\xd8\x59\xb1\x29\x4e\xc1\x3b\xf2\x6b\xd5\x85\x28"
	"\x9b\x65\x65\xdf\x1c\x38\xaf\xca\x65\x58\x70\x70\x0d\x2e\x9b\xee"
	"\x7f\xa5\x39\xa5\x63\x2a\xc6\x96\x36\xd0\x24\x52\x47\x16\x34\x17"
	"\xdc\x53\xd6\x08\xfd\xc0\x18\xb7\x27\x45\xcd\xf6\x74\xc1\x38\xcb"
	"\x32\x6e\xcf\x36\xdb\x91\x9c\xb4\x0b\x61\xc0\x12\x4a\x11\x3b\xd8"
	"\x31\x7a\x7b\xf8\x40\x39\x3b\x58\x71\xbb\xaa\x4a\xa9\x3d\x73\x9a"
	"\x53\xf1\x81\xdb\x71\xbb\x43\xf9\x71\x41\xb3\xdc\xf2\xad\xe7\x7a"
	"\xf6\xd9\x2f\xc3\xf4\x89\x29\xc8\xde\x65\x27\x02\xd6\x7e\x27\x94"
	"\x01\xe5\x1a\xbb\x64\x2a\x15\x9b\x15\xd7\x8d\x17\x24\x29\x36\x2c"
	"\x01\x66\xb8\x3f\xc1\x15\xcc\x75\x57\x76\x58\x96\x6f\xe1\xaa\x87"
	"\xd6\x0b\xb0\xf2\x87\xbd\x83\x8b\x36\x3c\xe4\x1d\x67\xf6\x5a\xd3"
	"\x32\x6b\xa9\xbd\xc9\x8b\xdb\x08\xa1\x48\x9d\x2c\xa8\x59\x59\x00"
	"\xc7\xb1\xbd\x97\x53\xde\x6d\x79\xd0\x3a\xf6\xa5\x55\xfe\xdd\xd0"
	"\xdd\x9e\x2f\x83\x9e\xa8\x7d\x90\x2d\x5c\x07\x4f\x29\x97\x76\xab"
	"\x4b\x46\x8f\x3a\x98\x2c\xea\x8a\x51\x9e\x2d\x2b\x29\xe5\xde\x82"
	"\x45\x56\x74\xa2\x9c\x26\xaa\x25\x48\xcf\x71\x56\x0b\x71\xc1\x42"
	"\x9c\xfd\xbb\x6e\x8a\x0e\x31\x00\x99\x28\x75\x34\xcf\x48\xba\x00"
	"\xc6\x16\xb5\x37\xe3\xae\xe7\xdb\x47\x24\x3b\x34\x2b\x67\x09\x0a"
	"\xa8\x2a\xfd\x45\xeb\x30\x6b\xe3\x30\x58\xd0\xca\x35\x0b\x03\x27"
	"\xb2\xcf\xb2\x1f\xf1\x3d\xdb\xa4\x95\xab\x7d\xa1\x34\xb3\xe9\xc9"
	"\x8c\x4d\x7f\x5e\xb8\x07\x58\xac\xff\xff\x7d\xdd\xff\x6f\xe8\xfd"
	"\xf6\x95\x71\xc1\xc8\x5b\x38\xd1\xec\xc4\xbf\xe3\x6d\x76\x6f\x4f"
	"\x70\xc7\xd7\x2d\xec\xaf\xec\x1a\xef\x1e\x3c\x3b\x49\x3d\x19\x3b"
	"\x66\x9d\xaf\xa4\xf0\x6c\x6d\x71\x84\x86\xdc\xa7\xf4\x50\xd8\xf1"
	"\x35\x01\xb7\xb0\x05\xbf\x3d\x33\x75\xd9\xb0\x60\x9a\x2c\xc9\xbf"
	"\xb0\xb1\x46\x9b\xbb\xee\x50\xa7\x00\xbb\xab\xae\xf5\x38\x95\x4a"
	"\x99\x9d\x3a\x30\x79\x04\x30\xdc\x99\x60\x89\x29\x34\xb0\xd7\x4e"
	"\x7c\x3c\x00\x9b\x2d\xaf\x85\xba\x77\x6b\x2b\x2e\xc9\x77\x55\x43"
	"\xf9\xbe\x30\xe7\x20\x0d\xa7\xbb\xb2\xda\xe6\x64\xec\x37\x6c\x84"
	"\x38\x8f\x41\xa4\x46\xdb\x2a\x31\x29\x6c\x0a\x64\xd3\xc3\xfa\xc6"
	"\xa9\x8e\xc4\x5c\x5c\x39\x7c\x90\x82\x98\x8e\x29\x47\x30\xa1\xeb"
	"\xf1\xcc\xda\x7c\x97\x2f\x8f\xf9\x81\x13\xff\x0a\xdc\xd7\x9a\x9d"
	"\x22\xe0\xc8\x09\xb1\xea\x5c\x50\x2b\xdf\xf3\x96\x97\x80\xa7\x2b"
	"\xdf\xb4\xa1\xbc\xc2\x27\xc5\x2f\x81\x25\xe1\x56\x9e\xff\x42\x93"
	"\xb8\xbe\xf3\x8b\xe5\xf7\x9c\x61\x4c\xfe\x5a\x3c\x7f\x71\x3c\x35"
	"\x11\xed\x5b\xb1\x4f\x77\xbd\xcd\x82\x51\x37\x60\xc9\xe8\x6b\xb1"
	"\x27\xfc\x37\x8a\xe3\x78\xe9\xdf\xaa\xc4\x56\x17\x6b\x7a\xa0\x3d"
	"\x73\x74\xa0\x42\x49\x1a\xb9\xab\xd6\x70\x0e\xae\x8e\x54\x12\xd1"
	"\xcc\xa8\xae\xad\x80\x9b\x82\xb8\x88\x57\x83\xfe\xfe\xcd\x6f\x9d"
	"\x7e\x27\x6d\x40\xed\x37\x62\x8a\xc3\x3d\xf5\xf5\x97\xa0\x45\xbc"
	"\x5e\xb9\x5d\x7d\x6a\xf4\x1c\x77\x0a\x25\x79\xfc\xa5\xd3\xd2\x6e"
	"\x4a\xa3\xd1\x8b\xc5\xdc\xb7\x57\xc3\xc7\x74\x0f\x50\x90\x78\x65"
	"\xac\x57\x51\x1f\x7c\xc7\x88\xd8\xd5\x1e\x31\x8a\xe1\xe1\x5c\x96"
	"\xd5\xc8\x71\xef\x08\xc5\x69\xce\x4d\x37\x64\x23\x68\x9a\x25\x55"
	"\x6a\x4c\x91\x88\x06\x00\x07\x6a\x3c\xf3\x2c\x77\x9e\xfb\x0a\xe3"
	"\x1c\xe6\xc5\x31\x0f\xfc\xdc\x69\xcd\x29\x30\x31\x64\xfb\xbc\x4c"
	"\xc0\x96\x7f\x58\x9b\xba\x1d\xfa\xb2\x20\xc6\x34\xee\x33\x82\x72"
	"\x9c\x2b\x44\x52\xb8\x8e\x29\x97\xb3\x17\xc8\x7e\x74\xa0\xe3\xeb"
	"\x30\x5c\xe8\x6b\x9a\xdf\x54\x8b\x64\x1b\x07\x08\x5b\x6a\x8f\x38"
	"\x15\x0b\xc7\x43\x53\x71\xd2\xdc\x03\xe3\x83\xad\xaf\xd3\x36\xf7"
	"\x8d\x1f\x3a\x2d\xc0\xaf\xd5\xc1\xd8\x70\xc4\xc7\x76\xfa\xbd\xe9"
	"\x81\xf4\x85\x07\x5f\x78\x47\x9a\x86\xdc\x1b\xa0\x69\x73\xf4\x42"
	"\xa7\x5d\xf0\x05\x4a\x64\x18\x2c\x46\x46\x46\x24\x2b\xa8\xeb\x3b"
	"\x08\x99\x1f\x45\x8f\x4d\xa5\xf2\xb5\x95\x57\x32\x75\x43\xcb\xb1"
	"\x7b\xaf\x99\x64\xa0\x45\x9e\xea\x6d\x63\x80\x50\x3c\x17\xe4\x00"
	"\x3e\x0d\x8c\xc9\x5c\xab\x55\x66\x24\x38\xc3\xa2\x42\x5d\x33\x26"
	"\xaa\xf6\xa5\x03\x54\xdb\x4c\x57\x71\xb2\x9d\xd8\xa5\xfe\x72\x8c"
	"\x65\x48\xc3\x3e\xf9\x0a\xfb\x81\xd2\xea\xf8\x6b\x05\xe9\xcf\xec"
	"\x97\x81\x4b\x72\xa4\x3b\xe5\x7a\x59\x3d\x5a\xba\x32\x03\xd9\x3f"
	"\xbc\x7f\x92\x6e\x45\xe8\x6f\xd5\xcd\xe0\x00\xe0\x7c\x37\xd3\x4c"
	"\xcd\x1e\x64\x00\xfc\x8f\xd2\xaa\x29\x04\xb8\x2c\xbd\xc5\xf8\xd0"
	"\x25\xa2\x4e\xc4\x86\xc7\xd3\xbd\x39\x94\xe2\x9c\x6e\x84\xf8\x3a"
	"\xeb\x86\x9c\x4c\xd9\x2a\xf2\xc2\x59\xc2\xf3\x9c\x99\x57\xcc\x18"
	"\x84\xe7\xc9\x34\x89\x25\x0d\x52\x6f\x30\xc0\x01\x3f\xea\xd9\x91"
	"\x22\xd3\xba\xdd\x49\xbe\x3c\xbc\x3f\x3c\xfe\x78\x7a\x1f\xf9\xda"
	"\x1a\x94\xa7\xf1\xa1\xfc\x71\xec\x67\x5a\xd1\x84\xc2\x1b\x90\x92"
	"\x29\x53\x3d\x36\x46\x0e\x00\x5d\x58\xc7\x72\x31\x55\x5f\x24\xfb"
	"\xd3\x08\x7d\x31\x25\xe3\x23\x41\xb7\xa1\x92\xad\x55\x67\xac\x58"
	"\xd2\x76\x1d\x77\x35\x9f\x52\x33\xa8\xe7\x15\x32\x18\x6d\x49\x02"
	"\x7b\xa8\x52\xf9\x98\x45\x96\xeb\xb2\xfa\x58\x61\x64\x3c\xdd\x8e"
	"\x21\x5b\x01\x70\xec\x29\x3e\x44\xad\x3f\xe0\x3c\x15\x6a\xa5\x74"
	"\x8b\x0a\xee\x63\xa7\xee\x5e\x8f\x98\x7b\x3c\x21\xba\x9d\xc9\x94"
	"\xf3\x8c\xa7\xf7\xe7\x87\x17\x9d\x85\x5e\x5f\xbf\xd8\x9b\xea\x59"
	"\x12\x52\xbe\xbd\xfe\x4b\x0a\xbe\xab\xe8\x92\xca\x54\x43\xc9\xdb"
	"\xa7\x01\x9f\x93\xd8\xf7\x3b\xae\x63\x6a\xc9\x33\xca\x35\xa1\xa4"
	"\x3f\xc9\x44\xae\x76\x45\x07\x0f\xbd\xe1\x45\x87\x29\x82\xd0\xd8"
	"\x7d\x94\xf6\x7d\x0c\x69\x4d\x90\x03\x69\x78\x3e\x3b\x58\x9d\x22"
	"\xe6\x16\x9d\x7d\xf0\x07\xa4\x8b\x87\xac\x59\x81\x27\x29\x84\x70"
	"\x28\x44\x35\xc9\x0e\xa2\xce\x44\xb7\x3b\xc2\xee\x8d\x83\x98\x25"
	"\x49\x89\xbc\x6a\x3f\x23\xdc\x90\xb2\xa8\x35\x36\x52\x3f\x7f\x7d"
	"\xe0\x64\x07\xed\xb5\x00\x6a\x83\xd1\x6d\x1b\xb6\xa1\xb1\xf3\xfa"
	"\x37\xf3\x35\xb3\x26\x26\xe6\x45\x93\xb8\xa9\x3d\x93\x78\xcb\xf2"
	"\x2e\xaf\x6d\x79\x88\x5f\x59\x4b\xc4\xca\x05\x9e\x8c\x12\xf1\x85"
	"\x5e\x53\x65\xa4\xcf\x0f\x9f\x6f\xd8\xdc\x52\x35\xa5\x64\x27\x1d"
	"\x9d\x8d\xf8\xa4\x21\x48\x7a\x57\x9c\xbd\xaf\x13\x93\x6a\x27\xd7"
	"\x47\xbd\xce\xbd\x3f\x26\x5d\x9a\x20\xcc\xd2\x35\x1c\x87\x8a\xf9"
	"\x6a\x46\xaf\x7c\x99\x49\xc5\x7c\x9c\x4e\xb5\xa9\x73\xa0\x74\xda"
	"\x26\x56\x07\x6c\x92\xb9\x00\xf5\xc3\x7a\x22\xef\x27\xd8\xc9\x2c"
	"\xde\x4b\xaf\x59\x48\x49\x5d\x03\x33\xe3\xf5\xfc\xd5\x7b\x17\x78"
	"\xd4\xac\x40\x23\x3f\x4e\x27\x93\x0f\x6c\x9e\x88\x7f\x35\x3a\x6d"
	"\xa2\xaa\x82\x18\x78\xf9\xfd\x46\xfb\xea\x7f\x68\xae\xe6\xc0\xb8"
	"\xf4\xba\x33\xf7\x27\x0e\xf5\x27\x29\xab\x9b\x3a\x99\x06\x36\xe9"
	"\x66\xf7\xfb\xd7\xde\xc2\xd5\x4b\x34\x16\xcd\x63\x9f\xd6\x60\xcf"
	"\x22\x2d\xeb\x68\xb9\xad\xa6\xc1\x70\x15\x44\xf8\x2c\x4c\x0c\xaf"
	"\xa9\x09\xb1\x08\x2c\xa4\xd5\xb0\x22\x71\xf9\xf9\xf2\xe3\xf9\xdb"
	"\xcb\xd3\x9f\xa2\x1d\x21\xf3\xe4\xcb\xf3\x37\xdd\xb4\x0e\xd1\x48"
	"\xb3\x51\xfb\xa1\x04\x7c\x75\x65\x25\xc2\x5b\xd6\xe7\x60\xd8\xa0"
	"\xf5\x80\x3a\x21\xeb\x60\xe5\x2e\xc0\xfc\x69\xc6\xd0\x32\xe1\x4d"
	"\x6e\xc4\x60\x2c\x39\x20\x4f\x33\x24\x95\x11\xa6\x77\xd5\x0e\x4b"
	"\xf0\xb4\x2d\xe1\x10\x78\x43\xf9\xd0\x9e\xd0\x86\x67\xfd\x14\xfc"
	"\xd0\x5d\xda\xb2\x1f\xbc\x37\xac\x80\xf0\x2f\xe0\x87\xee\xe2\xdf"
	"\x59\xb7\x1c\xab\xe4\xa9\x1b\xf8\x01\x5a\x76\x29\x0f\x7d\xb3\xbc"
	"\x35\xc8\x8b\x34\x0a\x42\x93\x18\x88\xae\x51\x39\xc5\xee\xae\xa5"
	"\x90\x61\x47\x59\x42\x58\x53\xda\xae\x50\x69\x29\xef\xa7\x3c\x54"
	"\xce\x28\x0b\x82\x75\x60\x92\x87\xc8\xfe\xb3\x17\xaf\xc3\x16\x15"
	"\x1f\x11\x1e\x80\x5e\x36\xb3\xf0\xb8\x7c\xb8\x7f\x7d\xff\xf1\xf4"
	"\x55\x51\x45\xa9\xde\xbc\xf9\xc7\x57\xd1\xcd\x2f\x7f\xdd\x3c\x7d"
	"\xfd\xdf\xa7\x4f\x9f\x9e\x3e\xdd\xfc\xd6\xa3\xfe\x25\xd4\xa9\x47"
	"\xf1\xad\xfd\x73\xde\xe1\x3d\xd1\x35\x9a\x7f\x02\xdc\x4f\xc6\x4f"
	"\x2b\xcd\x18\xdd\x95\xf0\xbc\xce\x7c\xf1\x32\xc7\x22\xcf\x1c\x01"
	"\x96\x15\xd9\x11\xef\x0c\x63\x69\xca\xaa\x20\x29\xbd\x45\xe5\x15"
	"\x6e\x1d\x2d\x87\x49\x42\xec\xb5\xa8\x5b\x62\x2c\xfe\xdd\xa1\x46"
	"\x3e\x6b\xc9\x79\x38\xd7\xb7\x40\xd0\xdc\xfa\xad\x61\xf8\x14\x1c"
	"\xf1\x86\x00\xe2\x9e\x30\x0b\x8f\xaf\xf4\x97\xeb\x67\x36\x7f\x8a"
	"\xd5\xec\x55\xe8\xd6\x02\xf3\x9b\x9a\x25\x1e\x3e\x3d\x7c\xfb\x81"
	"\xcf\x0e\x29\xad\xe0\x91\xd0\xc1\xc3\x0b\xd3\x3b\x1f\x17\xdb\x53"
	"\xcc\x9a\x41\x56\xb7\xda\x54\x7c\x7b\xf8\xf8\xb1\xab\x18\xdd\xe2"
	"\x35\x23\x15\xeb\xc4\x8e\x03\x07\xd0\xf2\x7e\xfe\x8e\x59\x16\xba"
	"\xfa\xf1\x45\xad\x30\x7d\xc5\x46\x1f\xc9\xbc\x52\xb0\x26\x1a\x46"
	"\x1b\xe3\x87\x0d\x2e\xcc\xc9\x31\x33\x8c\x76\x70\xa3\x83\xfb\x59"
	"\x3e\x43\x60\x52\xb7\x40\xf4\x5a\x00\xab\xa7\x9a\x7b\x4d\xd1\xc7"
	"\xa9\x20\x2b\x08\x53\xcc\x4b\x6a\x63\x56\xd3\x9b\xe2\xe1\x3b\xf4"
	"\x77\x72\x59\x18\x52\xcd\x3e\x0d\xdc\x1b\x4a\x6d\x5a\xaf\x97\x82"
	"\xb8\x55\x5e\x10\x15\xf7\x29\x0a\x33\xf1\xd1\x81\xdc\x34\x1b\xa9"
	"\xca\x0d\xf3\x07\x0a\x41\x67\x07\x10\x82\x86\x8d\xba\x9a\x15\xf2"
	"\x4a\x0d\x29\x54\x2e\xf6\x8e\xc8\xbd\x9d\x94\xb6\x04\x7b\x69\x79"
	"\x11\xa3\x33\x07\x40\x0c\x5e\x15\x40\x2c\x26\x96\x11\x69\x20\x04"
	"\xe8\xe6\x13\x10\x88\xcd\x54\x2c\xd6\x24\x07\x2f\xac\x71\xd6\x00"
	"\x40\x0b\x4f\x62\x71\xe9\xd5\x9c\x32\x11\x7f\xbc\x2f\xef\x8a\xba"
	"\xdb\xdd\xcd\x5a\xfb\x3c\xf0\xea\xf7\xb7\x1f\x6f\x8f\x6f\x2f\xfd"
	"\x08\x1c\x1f\xa9\xd5\x72\x28\xcd\x5e\x7b\x41\x68\x5e\x55\xf5\x46"
	"\x7a\xa3\xca\xb0\x0d\x39\x54\x2c\xcf\x42\xaf\x75\xf0\x31\xa4\xc8"
	"\x5d\xb4\x64\x5e\xb4\xd8\x4c\x59\x7d\xfa\x20\x39\x49\x20\xea\xda"
	"\x18\x52\xee\xd2\x71\x07\x15\x74\xfa\x4b\x62\x6a\x60\x96\x11\xba"
	"\xad\x41\x74\x7e\xa5\x7c\xd9\xf7\xb0\xeb\x66\xac\x6b\xa6\x53\x9d"
	"\x6b\x8d\xef\x5d\x08\xfb\xfc\xf4\xfa\xf4\xfe\xf0\xe3\xed\xfd\x5a"
	"\x49\xe4\xf5\xcd\xe3\xcb\xdb\xe3\x7f\xb4\xc9\xf1\xba\x73\x83\x38"
	"\xee\x92\xf9\x63\xd0\xf1\x5b\x4d\xc5\x68\x79\x03\x0f\x0c\xcb\x8c"
	"\x9f\xaa\x46\xb2\xdf\xc9\xdd\x1c\xe3\xa4\xa8\xe1\x5c\x6c\xf4\x68"
	"\xf3\xe1\xd3\xa7\x67\x78\xca\x29\x16\x1f\x99\xf1\xf7\x7f\x5f\xfa"
	"\xbf\x57\x8c\x87\x59\xaa\x7e\x7e\x1d\xe9\xad\xdf\x27\xb8\x62\xfc"
	"\x1c\x11\xe2\x89\xbf\x2e\x01\xe0\x5f\xa3\x01\x9f\x12\x67\xc1\x68"
	"\xd3\x05\x73\xaa\x49\x91\xef\x65\xa0\x91\x1a\xe5\x4c\xd4\x2c\xd7"
	"\x9d\xd9\x0c\x00\xd1\xaf\xe3\x9c\xcf\xe9\xd6\x77\xb1\x13\xae\xcc"
	"\x79\x03\x26\x36\x63\x68\x7d\xb7\x72\xdc\xb5\x0d\x63\xcd\x4b\x14"
	"\x33\x0e\x91\x63\x90\x31\x66\x6d\xc3\x00\xa7\x9a\x1b\xd8\x31\xc1"
	"\x82\x74\x10\xc3\xbc\x71\x79\xda\xc8\x5e\xaf\x35\xf2\xa8\x70\x82"
	"\x09\x7c\x3b\xc6\x8f\x16\xe4\xb5\x00\xb3\x32\xd7\x9d\xa5\x45\xbc"
	"\x0a\x0c\x63\x4a\x00\xc2\xc8\xd1\x0d\x2b\x96\xb6\x75\x55\x35\x27"
	"\x9a\xe7\xcc\x5e\x8e\x75\x68\xc8\x44\xae\x2d\x72\x6a\x82\x69\x49"
	"\x97\x99\x42\xb0\x8d\x42\x68\x92\x82\xb5\x78\xc2\xc9\x51\x6d\x87"
	"\x77\xa2\x53\x04\x18\x4f\xcd\xd9\xf0\xd5\x37\x3a\x5f\xce\x47\xf1"
	"\x94\x9f\xe1\xf3\xc9\xc2\xd3\xd7\xb7\xf7\xbf\x6e\xbe\x3e\x7c\xfb"
	"\x26\xf6\x3d\x32\x9a\x46\xe1\x93\xf1\xa2\x55\xab\xb8\x6c\xf5\x77"
	"\x10\xf5\xf9\x9e\x04\x97\xa7\x27\x52\x6f\x70\xf1\x79\xea\x31\x6d"
	"\x25\x14\xb2\x41\x15\x16\x29\x2f\xc4\xa4\x7b\xa8\x71\xb9\xd0\x48"
	"\x42\x17\x17\x2b\x6b\x09\xc4\x5c\x78\x68\xc4\xa4\x32\xc8\x8f\x6d"
	"\x1c\x04\xb8\xb8\x85\xaa\x1a\xc4\xb8\x9a\x20\xe5\x1f\x5b\xed\xd6"
	"\x56\xb6\xc9\xd3\x9f\xdf\xc4\x7a\xa2\xeb\x40\xd3\xb3\xe9\x1e\x50"
	"\x1a\xda\x4c\x3e\xd9\x45\xce\xeb\x2f\x00\xcf\x50\x6c\x79\x4c\xe4"
	"\x1b\x01\x60\x0e\x60\x00\xb0\xd6\x0d\x1c\x83\x9c\xd7\x34\xf1\x62"
	"\xd7\x50\x48\xce\x56\x33\xaa\x76\xf5\x1d\x6c\xd3\xeb\xe6\xeb\xcf"
	"\x82\xa8\xb5\x61\x0d\xe7\x2f\xca\xa0\x85\x63\x84\x21\xaa\xe1\xc4"
	"\x62\x53\xed\x71\x79\x93\x26\xbe\xe7\xb6\x5a\x8d\xd0\x52\x34\xf1"
	"\xd1\xba\xc8\x1a\x36\xea\x54\x43\xd1\x8b\xc4\xf7\xe3\xd8\xd0\xa0"
	"\x35\x65\x15\x6b\xb4\x65\x7b\x7b\x5f\x32\x2c\x8b\xa4\xf6\x7c\x36"
	"\x35\x2d\x54\xe4\x0b\x62\x87\x8a\xc7\x3d\xe9\x0b\xad\x6c\x9c\xc8"
	"\x51\xb7\xef\x53\x32\x49\x6c\x30\x99\x98\x2f\xc1\xf8\x3e\x68\x0e"
	"\x82\x3f\x39\x76\xe7\x30\x06\xe7\x3c\xf1\xd6\x81\x67\x2e\xce\xcc"
	"\x7f\xb4\x5c\x22\x52\x38\x9b\x16\x33\xd9\xd4\x53\xd8\x38\x92\xa6"
	"\x08\x1a\x94\x9c\x6b\x46\x0a\xdf\x48\xa4\x66\x31\x2c\x79\x25\x55"
	"\x41\xd5\x76\x8b\x39\x43\x03\x4c\x93\x49\x17\xf6\x50\x58\xb4\x34"
	"\xf0\x42\x2e\xbf\xbf\xce\x4c\x85\x1b\xd8\x5d\x6a\x20\xf8\x06\x28"
	"\xea\x27\x13\x16\x0d\x92\x26\xdd\x86\x70\xb1\x00\xdd\x23\x2c\xd0"
	"\x8c\x1b\x92\xe9\xa3\x76\x29\xf3\x22\x64\xb8\x4f\x20\xae\x1d\xe2"
	"\x19\x21\x6c\xc3\x8c\xf2\xcd\x9d\x87\x3a\xa7\x1f\x30\xf0\x30\x29"
	"\x72\x56\xce\x12\x10\xe2\x1a\x6f\x0f\xbe\x5f\x9b\x8e\xb2\x1a\x40"
	"\x46\x8c\x48\x28\x5e\x3b\xbe\x11\x93\xd7\x71\x84\x3c\xf8\x1a\x20"
	"\xe8\x27\x76\xc9\x07\xdc\x8c\x35\x46\x8c\x52\xa2\x8a\xcd\xc6\x88"
	"\x12\x6d\xb8\x72\x83\xd6\x8e\xc1\x18\x8b\x46\x18\x2f\x88\xac\x98"
	"\x08\xb9\x03\x18\x61\x82\xd8\x92\x97\xa8\x94\xbf\x8a\x8c\x3d\xba"
	"\x23\x87\x5d\xa6\x26\x96\x95\x79\x1c\x36\x3c\x70\x7c\x73\x8f\x35"
	"\x7c\xbd\x0a\x74\x6a\x73\xd9\xfa\x4e\x1d\x3a\x6b\x7f\xd0\x15\xef"
	"\x7e\x3e\xbc\x3c\xbe\x7d\xfd\x7a\xc3\x9f\x1e\xbf\xbc\xbe\xbd\xbc"
	"\x7d\x7e\x7e\xfa\x7e\x43\x5f\x1f\xa5\x9d\xc9\xe7\xa7\x77\xb9\x91"
	"\xdd\xfe\x7c\x7a\xb9\xd9\x3d\xfc\xfc\xfc\xa4\xdb\x17\x4b\xcd\x6a"
	"\xab\x3b\x69\xeb\x25\xf0\x3d\xfb\x53\x5f\x25\x1b\xd7\x0f\xda\xa1"
	"\xbc\x88\x21\x9b\xc0\x84\xce\xb9\x4e\xdb\x1d\x0e\x0b\x02\x75\xfe"
	"\x68\x4f\x30\x70\xd5\xdb\xad\x6b\xdc\xb8\xc8\x02\x3a\xb1\x27\x1a"
	"\x02\x03\x3c\xe1\xd8\x5c\x9b\x21\x05\x2b\xe6\xae\xac\x8e\x15\x2e"
	"\x3e\x16\xdd\xa6\x60\xb8\x5c\xe8\x98\x19\x69\xec\x45\xe1\xf7\x35"
	"\x72\x8e\xae\x4a\xa1\x3d\x37\x85\x7a\xae\x87\x1e\xe9\xea\x83\xe4"
	"\xb8\x57\xaa\xd6\xf3\xf7\xc7\xa7\x97\x97\x87\xd7\xa7\xb7\x9f\xdf"
	"\xf5\x83\xea\x7f\x60\x54\xfd\xfb\xe6\xdb\xdb\xff\x89\x41\xa5\x19"
	"\x45\xf2\x96\xb6\x2e\xb4\xf6\x7e\xe0\x7c\x41\xed\xf4\xce\x55\x1b"
	"\x1b\x28\x4a\xf1\x1e\xce\xda\xd5\x72\x01\x3e\x22\x93\x5b\x3d\x02"
	"\xac\x94\x74\x52\xe9\x1e\x01\xec\x3b\x4b\xb5\x38\x6b\xa2\xd2\x44"
	"\x1f\xb5\x91\x3c\xc2\xfc\xfa\xb9\xf8\x90\x72\x06\x74\x26\xaa\xd8"
	"\xe0\xe1\xbb\xca\xf9\x75\x06\xc0\x42\x22\x72\xc6\x12\x51\x25\x00"
	"\x7b\x31\xc9\xaf\x71\x9d\xc7\xd0\x28\x23\xf3\xbe\x91\x60\x6e\x93"
	"\x39\x43\x0d\x46\x55\xe7\x39\x46\x95\x79\x46\xda\x74\x36\x1d\x28"
	"\x66\x5e\x1b\x21\xa0\x3b\x22\x8e\xe1\x95\xb4\xbf\x00\x98\x1d\xe8"
	"\x2a\xfb\xa6\x87\x1f\x62\x73\xaa\xb7\x8a\x2a\x59\xd5\x30\x30\xe2"
	"\xf7\x91\xa7\xb5\x23\xc8\x6a\x09\x24\xb6\x40\x0a\xe0\x62\x58\x80"
	"\x09\x16\x60\xc2\x05\x98\xb5\x1d\xe3\x5b\xcb\xb3\xf6\x56\x8e\x05"
	"\xc3\x23\xdf\xb5\x63\x56\x8b\x30\xae\x1d\x13\x7a\x76\x4c\xb4\x20"
	"\xaf\xc8\xd2\xce\x2c\x89\x42\x5b\x7f\xf1\xb6\x36\x23\x52\x16\x7a"
	"\x8e\x05\xe1\xda\xb2\xa1\xc1\x2d\x18\xd5\x19\x31\xdb\xc8\x8d\x9d"
	"\x60\x6b\xc5\xc4\x1e\xb6\xd8\x9d\x41\x81\x1f\x05\xcc\x88\xd9\xe5"
	"\x81\x1b\xa3\xf6\x70\x67\x8c\xe7\xd8\x30\x51\xe8\x10\x1b\xc2\xdc"
	"\xdd\x72\x6f\xb5\x45\xe8\x00\x06\xd0\x9e\xee\x43\xcc\x72\xfd\xdc"
	"\xc8\xe0\x58\xe9\x84\x31\x43\x9f\x51\x3c\x8e\x8c\x80\x0f\xc9\xca"
	"\x5c\x60\xb1\xa5\x68\x5c\xcf\x32\x28\xe4\x52\xbb\xcb\xcc\x18\xa9"
	"\xcf\x05\x76\xcc\xda\xb1\x61\x84\xd2\xeb\x5a\x31\x9e\x1b\xd8\x31"
	"\x9e\x67\xc7\xac\x16\xa4\x13\x3a\x0b\x30\xe6\x32\x4b\x16\x06\xd7"
	"\x8e\x09\x9d\x30\xb0\x83\xdc\xb5\x1d\x13\xc6\x56\xcc\x3a\xb2\x41"
	"\x7c\x37\xb2\x34\xa2\x00\x85\xa1\xbf\xb6\x63\x56\x0b\xd2\x09\x1c"
	"\x3b\x66\x51\xa1\x2d\xa3\xac\x48\x6a\xdf\xbe\xfc\x25\xa8\x5d\x6a"
	"\xdf\xef\x05\x62\x15\x75\x01\x58\xa6\x7e\x01\xb0\xa6\x10\xd8\x00"
	"\x91\x0d\x10\x5b\x00\xb1\xad\x90\xb1\xad\x90\xb1\xad\x90\xb1\xad"
	"\x90\xb6\x69\x41\x2c\xfd\x36\x80\xad\x90\xeb\xc0\xf3\x57\x76\xcc"
	"\xca\x5d\x80\x31\xd7\xb7\x4e\xe2\xc8\xb7\x4c\x1a\x80\x59\x79\xe6"
	"\x66\x29\x39\x58\xfa\x64\x4d\x41\x19\x47\x98\xed\xce\xd0\x84\x8b"
	"\x2f\xde\xb7\x62\x22\xcb\x78\x12\x98\x28\x76\x3c\x2b\x66\xed\xac"
	"\x2c\xd5\xdb\xc6\xc1\xda\xd5\x5a\xa1\x2b\x84\xdc\x7e\xc1\xb9\x17"
	"\x6c\x13\xc4\xf2\x32\x35\x47\x9f\x61\x92\x43\xd3\x64\x08\x01\x4b"
	"\x5d\xcc\x0c\x65\xae\x0b\x73\x2a\xac\xab\x32\xdb\x73\xcb\x92\x22"
	"\x10\x96\x29\x43\x20\xfc\x3f\x6d\x88\xc4\x92\x86\xc1\xec\xf0\xac"
	"\xa5\x15\x99\x1b\xf9\xe6\xb1\x93\x15\x89\xbb\x72\x7c\x1b\xc6\x73"
	"\xed\x98\xf0\xe4\x39\x96\x42\x17\x2c\x59\x45\xc5\x32\x90\xe5\x4b"
	"\x56\xb0\x8d\x6f\x99\xe7\x59\xb2\x0f\x42\xe0\x94\xc0\x1d\x68\x5c"
	"\x52\x2c\xc2\xd0\xb6\x8f\x49\x5c\x2f\x4e\x63\xeb\xb6\x89\xb9\x8e"
	"\x6b\x4b\x8a\x45\xb1\x17\xdb\x31\x91\x65\xfd\x11\x0d\x1f\xdb\x74"
	"\xf1\x92\x78\xce\xda\x0a\xb1\xac\x63\x02\xe2\x7b\x96\x9c\x78\x12"
	"\x99\x3f\x78\xbe\x2f\x12\xcb\xf2\xcd\x8b\xda\xb5\x4c\x2d\x12\xe2"
	"\xdb\x20\x2b\xcb\x70\x04\x88\xa5\x3e\x47\x4a\xc2\x38\x34\xab\xfb"
	"\x47\xee\x7a\x16\x95\xed\xc8\xc1\xf3\x97\x11\x72\x8a\xfd\x28\x76"
	"\x53\x2b\x66\xbd\x04\xe3\x2d\xc0\xf8\x76\x48\x60\x83\xe4\x51\x1c"
	"\x70\xb6\x00\x15\x96\x3b\x1b\x2a\xf4\xa2\xfd\x76\x01\x28\xdb\xeb"
	"\xbc\xc0\xcb\xf5\x8f\x8c\xfc\xdb\xf4\x01\xe7\xd3\x99\x59\x70\xb5"
	"\xbd\x0e\x3b\x35\x54\x72\x90\x76\xbc\xa1\xf5\x94\x01\xa5\x47\xa4"
	"\xd9\x96\x1c\x72\x78\x60\x7b\x04\x6f\x9c\x75\x77\xa2\x88\xff\x0c"
	"\x5d\x8c\x2d\xa1\x8d\x98\xda\x89\x9e\xa7\x51\x13\x41\x3a\x19\x1b"
	"\xce\xb7\x8c\x49\xf7\x37\x82\xe0\xcf\x80\x60\x3a\xc0\x10\x6f\x71"
	"\x51\x26\xb5\xd4\x95\x00\x00\x60\xb4\xd9\xcd\x2d\x37\x35\xb8\x49"
	"\x5d\x34\xf2\xbc\x3a\x89\x1d\x64\x41\x39\xc3\x72\x32\xd4\x71\x38"
	"\xee\xaf\x0f\xa3\x81\x30\x72\x8c\x50\x81\x65\xa0\x12\x68\xa2\xa5"
	"\xd9\x71\xdb\x64\x77\xba\xa8\x43\xfe\x66\x8f\x0e\x77\x55\x43\xef"
	"\x74\x19\xc8\xc3\x3b\x92\xd4\xf4\x86\x96\xdc\x5f\x39\x2d\x98\xb8"
	"\xbd\x7f\x9d\xbc\x79\x1c\x5f\x87\x4a\x9b\x1a\x9e\x15\x42\x9b\xc9"
	"\x49\x53\x5c\xb7\x14\x68\x3a\xe3\xf2\x8d\x2f\x06\xf1\x0a\x8e\x63"
	"\x2b\xa8\x26\x69\x0e\x9f\xd9\xd5\x35\xc8\x75\x79\x47\x3e\x1a\xe0"
	"\x95\x11\xc4\xd2\xb9\xd8\x65\x45\xb7\x49\xf2\xae\x16\xc5\xab\x45"
	"\x0e\xf0\x3a\x8d\x8f\x3e\x4f\x20\xe3\x18\x72\x56\xdd\xde\xa5\xc9"
	"\x91\x4d\x01\xe0\x23\xe2\x00\xef\xff\xe4\x04\x30\x95\x91\xaa\x96"
	"\xfe\xf7\x92\xaa\xca\x69\xb9\xeb\x29\x32\xa7\x18\xf0\x92\x88\xc9"
	"\x2f\xac\x0f\x57\x88\x4b\x0d\x45\x1a\xb2\x12\x05\x4d\xf4\x73\xe1"
	"\x80\x80\x83\x72\xc3\x2b\xaf\x13\xe1\xc9\x3e\xad\xb4\x97\x08\xe0"
	"\xc1\xb5\x62\x8c\x2a\xa7\x98\xca\xae\xe0\xed\xf5\xf9\xf1\xfb\x0d"
	"\x7b\x7e\x79\x7e\x7c\x7b\xbd\xd9\x3c\x3c\xfe\xe7\x1b\xdc\x25\x4c"
	"\xce\x82\xb5\x1e\xdd\x36\x49\x41\xae\x92\xdb\xbc\xbf\x3d\x7c\x12"
	"\xbd\x79\xf3\xfd\xdb\xd3\xe3\xf3\x1f\xcf\x8f\x37\xf0\xda\x75\x9c"
	"\x18\x44\xbb\x36\x17\x81\x07\x59\x7f\xfc\x7c\x7d\x04\x73\xcc\x6b"
	"\xdf\xda\x43\x47\x6f\xd3\xab\xd7\xa7\x10\x46\x12\x1e\xaf\x57\x81"
	"\x7e\xe9\x94\x00\xe6\x47\xc8\xb2\x39\x88\x91\x33\x05\x65\x0b\x0b"
	"\x86\x3e\xc8\x89\x94\x8c\x4f\xb8\x17\x47\x0e\x6e\x63\x2f\x41\x92"
	"\xec\x66\x9b\x67\xed\xec\x79\x9f\x06\xb5\xcf\x13\x84\x7f\x1c\x30"
	"\xa2\x05\x83\xb5\x83\x68\x50\x32\x91\xb6\xf6\x1c\x9c\x4c\x51\x36"
	"\x63\x03\x6f\x1a\x12\xbc\xce\x29\x59\x3b\x3e\x9e\x05\x88\x03\x0f"
	"\xb5\x62\x1f\x41\x4c\xa5\x90\x90\xc0\x28\x46\x8e\x37\xcf\x62\xdf"
	"\x24\xc6\x48\x83\xa4\x38\x2f\xf1\xa4\xb3\xf6\xbe\x14\x0d\x94\xd7"
	"\x04\xf1\x9f\x03\x20\xb1\x9d\x91\x1c\x72\xa6\x46\x18\x30\xa6\x56"
	"\xd8\xd3\x50\xe8\x86\x57\xd6\x8b\x97\x5b\x1c\x0e\x0f\x5a\x18\x4d"
	"\x7c\x54\x2c\x92\xaf\x73\xbd\x22\x96\xd7\x42\x8c\x3c\x49\x03\x19"
	"\xfa\x5c\x4d\x3a\x56\x87\xc9\x06\x2d\x18\x14\xfe\xc3\xff\xb3\x76"
	"\x65\xcd\x8d\xe3\x48\xfa\xaf\x28\xe6\x61\xa3\x3b\xb6\x3b\x8a\x87"
	"\x48\x51\xb3\x51\x0f\x10\x0f\x09\x25\x5e\x26\x48\x49\xae\x17\x86"
	"\xda\x56\x55\x3b\xc2\xb6\x2a\x6c\xd7\xcc\xd4\xfe\xfa\x45\x82\xa4"
	"\x44\x82\x4c\x40\x0f\xfb\xd0\x5d\x56\xe6\x47\x1c\x89\x2b\x01\x24"
	"\x32\x49\xfa\xb5\xf6\x93\x0c\x0b\xd2\x07\x98\x2d\x5f\x65\x90\xd2"
	"\x01\xdb\xf3\xf2\x04\x0b\x5d\x7c\xe5\x3b\x6a\xbe\x6b\xe0\x9d\x15"
	"\x0e\x16\xe7\x0e\x72\x2a\xd5\x02\x16\x0b\x57\x31\xc2\x1b\x80\xe7"
	"\x6a\x00\x4b\x5b\x0d\xf0\xe6\x4a\x80\xb7\x34\x16\x6a\xbe\xe5\xa8"
	"\xf9\x4b\xcd\xf7\x4b\x0f\xe7\x97\xae\xad\xfa\x3c\x4c\x23\xcb\x5c"
	"\x25\xd3\x3d\x21\xfc\x2a\x1e\xad\xe6\xe8\xe7\x3b\xca\x57\x67\xf1"
	"\x82\x17\x85\x14\x61\x59\xa1\xcc\xdc\x8f\x1c\x3e\xd8\xa7\xfc\x71"
	"\x02\x5b\xbc\xf9\x92\xec\x83\x81\x2e\xf4\x86\x62\xf2\x66\x1b\xd8"
	"\x93\x76\xc5\xa2\x2c\x63\x0b\xc1\x21\xbf\x64\xf8\x13\x9a\x06\x80"
	"\x1a\x8a\x5c\xbe\xc7\x22\x5f\x0a\x80\xef\x94\x8e\xa7\x48\x60\xeb"
	"\x19\x78\x5b\x16\xa9\x53\xba\x26\xce\x67\xa1\xaf\x5e\xac\x18\x9d"
	"\x2f\xdc\x83\x06\x93\x38\x06\xbe\xa6\xb2\xed\xbd\xc7\x07\x9d\xa5"
	"\xf8\x1c\xf1\x99\x4c\x56\x07\xc7\xd0\x2c\xa6\x8c\xef\xa7\x43\xac"
	"\x51\x47\x46\x78\x40\x05\x35\x2e\xb1\xc1\xf0\xa5\x64\x3e\x51\xac"
	"\xae\x71\x6e\x2f\x15\xc3\x14\x0c\xb2\x3c\x5c\xb2\x39\x89\x13\x82"
	"\xf8\x35\xcd\x99\x6b\x1a\x88\xf5\x54\xe3\xc3\x16\xf3\xae\xa8\x72"
	"\x70\x2b\x2a\x27\x00\x8a\xe9\xa9\x01\x2c\x0d\x35\xc0\x32\xf1\xf1"
	"\xcf\xe5\x07\x55\xb7\x0f\xba\x24\x3c\x35\xc0\x73\x35\x29\x2c\x4d"
	"\x43\x07\x50\x2b\x15\x17\x90\x6a\x5d\xe6\x20\xbe\xe4\x20\xe7\x24"
	"\xe5\x3e\x9e\x1b\xb6\xa2\x0b\x72\x80\x6b\xcc\x35\x7d\x14\x22\x1e"
	"\x2e\x6c\x35\x26\x4e\x6c\x47\x31\x4d\x94\xbe\xed\x78\x4b\x85\xc0"
	"\x12\xc5\xaa\x8b\x9b\xcc\x0b\x1d\xb1\xa0\x5f\xb3\x94\x28\x25\xd9"
	"\x61\x54\x82\xdc\x27\xde\x5c\xb1\x76\x73\xb6\x6d\xaa\xd5\x9f\x16"
	"\xa2\xc9\xc4\x76\x0c\x5d\x2a\xcb\xe5\xf4\x79\xa0\x78\x35\x17\xf8"
	"\xca\x87\x56\x1d\xa6\x31\x9e\x9d\xf2\x74\xd1\xed\xe1\x06\x61\x35"
	"\x2f\x1b\x3b\xec\xbd\xeb\x15\x11\xd1\x43\x18\x4c\xdd\x2c\x5c\x21"
	"\xdd\x1e\x14\x5c\xdd\x54\x09\xb2\xbf\xbb\xc2\x2f\x16\x49\x93\x1f"
	"\x8c\xe0\x10\x3c\xe2\xfe\x02\x9d\x2e\x01\xec\xa4\x3c\xe4\x60\xba"
	"\x87\x0a\x1c\x1b\xd1\x24\x7a\xa0\x94\xff\x93\x6b\x40\x5c\x47\xc7"
	"\x62\x97\x4b\x20\x53\x03\x8a\x48\xea\xd8\x8e\xa3\x2b\x3a\x6a\x2c"
	"\x7b\x85\x50\x16\x2f\x6d\xc3\xd1\xa3\x5c\x6b\x61\x12\x0d\x0c\x56"
	"\x93\x85\x79\x0b\xc8\xd2\x82\xbc\x05\xf2\x18\x64\x08\xd2\xca\x20"
	"\x6e\xa6\x95\x1b\x50\xee\xc2\xd5\xa0\x40\xb5\x76\xbc\x1b\x50\x9e"
	"\x3b\x5f\xde\x82\x72\x8d\x1b\x50\x4b\xc7\xba\x05\x85\xdc\x64\xf7"
	"\x50\x5c\xe7\xd5\xf6\xac\x3c\xaa\xbe\x86\x98\x63\xad\x1e\x6c\xe7"
	"\x79\x86\x7b\x13\xca\xbb\x09\xb5\xd4\xa2\xf6\x89\x06\x71\x39\xe8"
	"\xd3\xe0\xf8\x6a\xe8\x98\xae\x6d\xe9\x61\xae\x65\x6b\xeb\xd8\x28"
	"\x1b\x96\x7d\x13\x6c\x71\xb8\x05\x66\xcd\x75\x30\x3f\x2f\xf4\x08"
	"\xfb\x06\x48\xbd\x49\x90\x3d\xbf\x84\x4b\x6e\xc2\xcd\x6b\x92\xdf"
	"\x86\x83\xf4\xea\x38\xc8\xf4\xd8\x4d\xbd\x5d\x69\xd3\xdc\x16\xf7"
	"\xba\xa4\x20\x36\x31\x41\xfc\x67\xf5\x50\xe0\x81\x2d\x3a\xc8\x45"
	"\x1b\x77\x36\x61\x03\x4d\x56\x74\xb5\x9a\x3a\xfa\x6c\xd8\x7e\x80"
	"\x33\xb3\x38\xc4\xb9\x53\xf4\x22\x8c\xd6\xfd\x08\x6d\x3d\x4e\x9e"
	"\x6c\xa6\x57\x38\x36\xb9\x19\xec\xf1\xcb\xaa\x57\x86\x24\x0c\x28"
	"\xe9\xd9\x05\x5f\x0f\x2b\x5f\x4e\x8f\x4f\xc7\xd9\xc3\xf9\x6d\x22"
	"\x18\x6f\xf3\x95\x4f\x12\xf0\xfc\x76\xfd\xf8\xaa\x6c\x08\x7e\x13"
	"\xca\xb1\x2e\x77\x1d\x64\x6a\x3f\x23\x90\xe0\x62\xad\x84\x63\xf3"
	"\x1d\x9e\x5a\x41\x20\x16\xb3\x2e\x25\x16\x14\x8a\x24\x7c\xed\xf7"
	"\x3e\xdf\x38\xf2\x3f\x02\x59\x42\xfc\x47\x59\x80\xeb\xe8\x62\x9c"
	"\xec\x95\x57\x07\xbb\xa9\x83\xe4\x1d\x0d\x42\xf0\x29\xdd\xf3\xd7"
	"\xd5\x90\x76\xf3\x98\x6b\xf1\xd5\x0a\x62\xf6\x92\x9c\x4e\xb1\x65"
	"\x1a\x09\x76\x72\x70\xf5\x86\xd1\xa8\x5f\x09\x4d\xa1\x77\x90\x74"
	"\x1d\xf6\x9d\x70\x42\x3e\x7c\x30\x58\x30\x20\xc6\xe5\x58\x55\x91"
	"\xd5\x9d\x3b\x8f\xe8\xfc\x93\x2c\x67\x53\x9c\x5d\xd2\xc5\xfc\x1e"
	"\xb1\x82\x84\x37\x45\xaf\x88\x5c\x2e\x52\x06\x40\x49\x87\xcf\xea"
	"\xca\x32\xf7\x69\x1d\x86\x5c\x8f\x9b\xea\xc2\xf0\x05\x38\x6d\x27"
	"\x01\xc9\x4b\xae\x18\x7e\xee\x85\x36\x06\x5e\xeb\x70\xa2\x11\xc1"
	"\xd8\x37\x43\x22\xfa\xf3\xf8\xc8\x5d\x34\x21\x3c\xdb\x90\x06\xc1"
	"\xfe\xf4\xd7\xc3\xf1\x65\xca\x0b\x1d\x80\x1b\x99\xfb\xb1\x74\x7c"
	"\xda\x43\xac\x59\xee\x93\xcf\x2f\xc3\xcf\x12\x07\xf3\x15\x22\x4a"
	"\x50\xee\x0c\x17\x39\xf6\x16\x49\xc6\x1e\xb2\x36\x5d\x32\xac\x57"
	"\x61\x7a\xa7\x81\x08\xcf\x86\x3a\x4c\x4e\x89\xa9\xc1\x04\xa5\xcf"
	"\xb0\x33\xa0\x2b\x2a\x2c\x33\xe4\x4d\xc9\x15\x13\xd1\x34\xcc\xa9"
	"\xae\x4c\x5f\x42\x78\xe5\xfc\x45\x87\x8a\x21\x22\xd1\xca\x0f\x34"
	"\xb8\x2d\xcf\x13\x89\xa6\xda\x03\x65\x29\xf5\x89\x06\x94\x90\x42"
	"\x57\xc1\xa4\x58\x82\x8d\xbc\x2e\xa5\x74\xef\x19\x3a\x29\x64\x3b"
	"\x07\x31\x45\x1d\x60\x10\xb3\x3b\x09\x53\xeb\x52\xe2\xbb\x2f\x0b"
	"\x39\xb3\x1d\x80\x16\xb6\xa2\x5f\xf7\x50\xa6\xae\x53\xb1\x10\xb3"
	"\x34\xe9\x61\xd2\x25\x2f\x15\x62\xef\x23\xc3\x74\xf2\x64\xbc\x89"
	"\x0f\xab\x5b\x40\xba\x9e\x07\xff\x73\x0c\xe3\x26\x94\x79\x13\xca"
	"\xb9\x09\xe5\xde\x84\xf2\x6e\x41\xb9\xb7\x94\xcb\x74\xf4\xa2\xbf"
	"\x5b\xea\x0b\x0f\x18\x5f\x0f\xb2\xf5\x4d\x58\x6e\x0d\x73\xae\x07"
	"\x99\xa6\xad\x2d\x14\x4c\xc1\x9e\xb6\x0d\xab\x14\x9e\x36\x69\x50"
	"\xa5\x6b\xea\x26\xc7\x32\xc3\xe2\x4a\xf6\x31\x55\x8e\xc5\xdd\xe9"
	"\xa1\x76\x9e\x63\xeb\x86\xe0\xce\x37\x30\x7f\x0b\x3d\x10\x9f\xf1"
	"\x12\x0d\xe6\x40\x0b\x08\x14\x51\xfb\x54\x37\x83\x7e\xf5\x6d\xc5"
	"\x8a\x96\xef\xa7\x3b\x40\xbb\xbc\xf2\x45\x08\xaf\xd2\xd7\xc2\x76"
	"\xe7\x8a\xb4\x79\x83\xef\xc3\x95\xaa\x2e\xcc\xb2\x90\xb3\x84\x26"
	"\x7f\x8e\x29\x77\x63\x13\x94\xd7\xe3\xf3\xf9\xfb\xa7\xc7\xa7\xef"
	"\x4f\x1f\xc7\xe7\x19\x47\xc0\x3d\xc7\x84\x9e\xd0\x2a\x6c\x95\x21"
	"\x99\x26\xb6\xbe\x83\x75\x9f\x83\x4e\x23\x54\x8d\x69\x11\x00\xbb"
	"\x2c\x01\xb0\xaa\x82\x35\x12\xb1\xeb\x0a\x0a\x90\xbb\x70\x96\x30"
	"\x91\x4b\x50\xec\xd0\x14\x56\x96\x6f\xb5\x17\xfb\x39\x7a\xa9\x03"
	"\x40\xc2\x24\x63\xc3\x9e\x26\xf5\x07\x54\xf5\xb7\xe3\x40\x78\xbf"
	"\xab\x45\xc7\x15\x56\xc9\x0d\x46\x6b\xd1\xf1\xed\x43\x38\x62\x7d"
	"\x3c\x7d\x7b\x7a\x3d\x3d\xce\xde\x8e\x8f\x4f\x67\x29\xa9\x5e\x33"
	"\x13\x5a\xb0\xbc\xe7\x9e\x18\x68\x1b\xe2\x6f\x8b\x68\x48\x4b\x18"
	"\xb5\xf8\xfc\x3d\x56\xf0\x41\x2d\xc5\x37\x0e\x5c\xb9\xbe\x38\xa0"
	"\x69\xed\x56\x06\x66\x57\x6d\x5f\x26\x51\x58\xfb\x3e\x72\xd1\x0c"
	"\xb7\xd0\xcd\x76\x4a\xd1\x1d\x11\xff\x92\xaa\x07\xb1\xe0\xbd\xd9"
	"\x3f\xbe\x9c\xde\x8e\xbc\xdb\x3e\xce\x76\x4f\x8f\xa7\x73\xdf\x05"
	"\x1c\xd7\x80\x8a\x6e\x23\x37\xa8\x37\x9c\x16\xe3\xe5\xe1\xec\x95"
	"\x8a\xdf\x26\x6c\x69\xd2\x80\x7a\xf9\xb5\x7d\x10\xfb\x13\xc4\xee"
	"\x49\x40\x86\x1b\xa1\x0b\x79\x0d\x2e\xb5\x41\xd9\x1f\xf2\x58\x10"
	"\x8a\xd8\x2e\x65\x56\xa0\x8c\x3a\xdc\x95\xb0\x39\x95\xb6\x52\x62"
	"\x8f\x91\xdf\x71\xb5\x7d\x48\x68\x9c\x09\x8f\xc9\x69\xc5\x9b\x3c"
	"\x39\xb4\xe6\x4e\xec\xf3\x7c\x38\x1e\x00\xd2\x74\xa1\x55\x76\x68"
	"\xd2\xc0\x36\x36\x1c\xc9\xf6\x83\xdd\x10\xcb\xa7\x0f\x97\xc1\xdb"
	"\x74\xcd\x36\x98\xeb\x6e\xe8\x8e\x97\xad\x5e\xd3\x1b\x51\x9c\x70"
	"\x71\xa1\x02\x41\xd1\xe4\xbe\xfd\xff\xd1\x01\xe5\x39\x32\xe6\x0b"
	"\x1c\xb8\x94\x18\x8f\xf5\xe6\xe8\x81\x0f\xf2\x24\xf1\x3f\x31\x30"
	"\xc2\x68\x9d\xa7\x0e\x1f\xf3\x26\xf0\x86\x1b\x1c\x46\x21\xd3\x58"
	"\x73\x7a\x40\x0b\x24\x74\x4a\x17\x23\x3a\xa2\x45\x22\xbb\xbd\xec"
	"\xed\x1e\x8f\xaf\x0f\x4f\xcf\xcf\xc7\xb7\x5f\x57\x4f\xc0\x1f\x3f"
	"\x5f\xf9\xbf\x7f\x70\xe4\xeb\xfb\x19\xfe\x78\xb2\x1e\xf8\xaf\x1f"
	"\x4f\x7f\xcc\xbe\xbd\x9d\x5f\x3f\x4e\xaf\x8f\xef\xbf\xcb\xdb\x4d"
	"\xd8\xf2\x17\x3b\xe1\x76\x9a\x85\x31\x1f\x2b\xf2\x71\x03\x29\x4b"
	"\xe2\x6f\xba\xad\x28\xf9\x09\xf3\xdb\xe3\xe9\xe1\xfc\x28\xf2\xfa"
	"\xf1\x76\xe6\x93\x1c\x64\x27\x1c\x28\xbc\x3c\xfd\xa7\xe7\x7e\xa8"
	"\x08\xd8\x05\xda\xd1\x84\xd8\x11\x2a\xa4\x70\x1c\x64\x30\xe4\x9f"
	"\x5e\x87\xd4\xb6\x35\x9b\xfa\xf6\x26\x5c\xc1\x8c\x9e\x8f\xef\x7f"
	"\xcb\xc4\x26\x9d\xa7\x17\x5e\xec\x7f\x9d\x5e\x4e\xaf\x1f\x33\x70"
	"\x91\x7c\x61\x8b\xda\x7d\x6a\x40\xbc\x1b\xfd\x78\xe3\x55\x03\x23"
	"\xb9\x01\x68\xe8\x03\xe0\xef\xd3\xf3\x8f\xd3\xdb\x10\xc1\x9a\x06"
	"\x98\xfd\x7c\xe7\x9d\x85\x7f\xfe\x7e\x7e\xa8\x1f\x9a\xb2\x36\x8d"
	"\x25\x37\x42\x59\xa5\x03\x47\xee\x57\x22\x78\x02\xce\xfb\x01\x4b"
	"\xfa\xbc\x32\x20\x9e\xb5\x34\x14\xcc\xc5\x01\x65\x9a\x9c\x6b\xa2"
	"\xdc\xa5\xe7\x2d\xa6\x99\x7c\x69\x32\x0c\xe4\xc3\xa4\xe4\x9b\x1c"
	"\x24\xcb\x83\xd8\x27\x61\x3c\x08\x3d\x8d\xf1\xe6\x28\x2f\xf1\xe7"
	"\x73\xe6\x19\xf6\xe0\xb4\xf0\xfd\x83\xf7\xa3\xe3\xdb\xe3\xec\xb7"
	"\xf7\xe3\x07\x6f\xa8\xa7\x8f\xd3\xef\xd7\x01\x70\x69\xc5\x21\xf4"
	"\x41\xf8\xb4\xfc\xef\x19\x1f\xcd\xbc\xd1\x3f\x20\x00\xc9\xc4\x47"
	"\x7c\x0e\xfa\x93\xa9\xd3\x05\x48\xc9\xc7\x22\x96\xce\x58\x49\xa9"
	"\xa3\x10\x9d\xf0\xd6\xb9\x97\xb3\xad\x84\xb8\xe4\xe3\xb7\xe5\x9e"
	"\x28\x06\x81\x28\xd9\xbf\xa5\x7c\xbe\xfa\x7b\x46\x78\xcf\x7b\x7a"
	"\x38\xbe\x7e\xda\x9e\xdf\x4e\xc7\x57\x3e\x37\x5e\xca\xf6\xc9\x17"
	"\xf5\x0e\xca\xdd\x44\x1a\x94\x05\xea\xba\x5c\x51\x43\xa1\xfc\xd7"
	"\x8d\x9f\x76\x8a\x67\x0f\xc5\x87\xcb\xf3\xaf\x59\x33\x93\x7d\xca"
	"\xe3\xf8\x32\xa4\xb8\xce\xd8\xfa\x04\xed\xc6\xf4\xec\x1b\x1f\xf4"
	"\xa2\x45\x3a\x50\x79\x3e\x3f\xbf\x83\xd3\x51\x8e\x38\x3d\x9f\x7f"
	"\xcc\x5e\x4f\xff\xc6\x85\x1f\x54\x49\x72\x3f\x25\xda\xf5\xdb\xf1"
	"\xc7\xdf\x60\xa8\x3b\x3a\x6c\xde\xad\xc9\xd0\x8f\x6b\x4b\x10\x87"
	"\x81\xeb\xbc\x62\x9f\x4d\x77\x60\xf8\xbd\x5d\xb3\x58\x72\x8d\x45"
	"\x82\x22\x4c\xb3\xbe\x95\xbf\x50\x1c\x3e\xff\xe3\xe5\xfd\xe5\xcf"
	"\xe3\xe3\xdb\xe9\xf5\xfc\xe7\xc7\xff\xfe\x63\x94\x4c\x4d\xb3\x24"
	"\xa9\x7a\xfa\x41\xdf\x8e\x9c\xff\x80\x50\xeb\xb4\x0e\xd8\xc0\x31"
	"\x30\xd0\x83\x9c\xcf\xee\x87\x2e\x4e\xc3\xd4\xa2\xcf\x41\x5b\xbe"
	"\x6a\x35\x11\x08\xe4\xcf\x23\x71\x24\xac\x36\x94\x07\x9c\xf0\xf8"
	"\x05\xe7\xd5\x93\x2b\xd7\xb0\x3c\x7e\xe8\xf7\xc3\x19\xb4\xf3\x3a"
	"\xf8\x5c\x93\xa6\xd3\x41\x0e\x4d\xb4\x89\x85\x81\x9c\x32\x74\x10"
	"\x46\x63\xcc\x6d\x5c\x07\x49\x0f\xb9\x98\xe4\x96\xde\x01\xc5\x6d"
	"\x82\x18\x39\xb8\x13\xc2\x26\x31\x17\x36\x57\x13\x62\x24\x3a\x1e"
	"\x80\xf8\x4a\x1f\x2a\x24\x46\x92\x80\xf7\x99\xa9\x77\x05\xb3\xdf"
	"\x9a\x75\xd6\x3f\xe7\xdd\xfa\xfa\x3b\x78\xec\xfe\xf6\xf4\xfd\xe7"
	"\xdb\x11\xec\xb6\x65\xd9\xa4\x59\xb5\x0b\x49\x85\xe6\xb5\x5b\x63"
	"\x31\x9c\x38\xb3\x0a\x62\xbc\x90\x88\xdf\x65\x21\x84\x35\x59\x5b"
	"\xc8\x29\x13\xf0\x7d\x5a\x14\x15\xab\xef\x78\xe7\x41\x31\x77\x07"
	"\x3c\xef\x55\xe6\x6f\x18\xd2\x8b\x24\x27\xbb\x2d\x09\x2e\x97\x28"
	"\x78\x3c\xe7\xdd\x71\xbd\xa6\xc8\xeb\xa4\x0e\xbc\x09\x20\x6e\x4d"
	"\xe0\xe7\x5a\x94\x12\x10\x0c\x3d\x35\x8f\xb9\xe0\x77\x06\x0a\x33"
	"\x55\xe0\x24\xc8\x1d\x65\xea\x1c\x30\xd7\x94\xcf\xcf\x91\xfc\x61"
	"\x97\xb1\x5f\x0d\xa7\x09\xa0\x21\x3b\x8e\x96\x5b\x30\x7f\x48\x14"
	"\x71\x6a\xbb\x01\x1b\x3c\xbd\xff\x78\x3e\xfe\x9a\xe5\x5c\x01\x7a"
	"\x1e\x8d\xd1\x36\x9e\xaf\x50\x5a\xd0\x52\x37\xa0\x2f\x01\xad\xe3"
	"\xd2\x58\x18\x49\x68\x38\x86\xa2\x1b\x0d\x22\x43\xd7\x71\xb0\xc4"
	"\xbc\xc6\x5d\xc1\x31\xc7\xad\xe7\x0e\x62\x94\x70\xc5\xf1\xff\x13"
	"\x38\x50\xe5\xfb\xba\xdd\xc1\x34\x22\xc3\x9e\xa7\x37\x97\x84\xb9"
	"\xa1\x47\x88\x16\xcd\xe7\xdd\xbc\x8e\xef\x4c\xc3\x2c\x4c\x76\x40"
	"\x8e\x5b\x47\x78\x66\xcc\xed\xd2\x8c\x43\xc3\x44\xda\x76\x55\xd0"
	"\x60\x1d\xca\xad\x42\xf9\x5a\xf7\xf6\xed\xf8\x70\x9a\xad\xde\x9e"
	"\x1e\xbf\x9f\x46\x0d\xd4\xdc\x84\xd2\x03\xff\xe3\xb0\xc0\x3c\x7b"
	"\x8a\x69\xba\xe2\x1b\x6b\x58\xdf\x02\xe2\xa3\x20\x98\x48\xf3\x32"
	"\xb5\xe7\xae\x4a\x0c\x30\x0f\xd6\x39\xf3\x5c\xe4\xe1\x87\xe8\x78"
	"\x94\x2e\x0d\x0b\x2f\x0e\xdf\x9e\x6c\xe8\x8a\x34\x66\x7a\x0b\x77"
	"\x81\x48\x25\x06\xa7\x95\x4b\xd7\x34\xe5\xb1\x26\x62\xcd\x04\xbb"
	"\x85\x63\xe2\x0d\x40\x0a\x3f\x5f\xe3\x53\xd5\x86\xf2\xa1\xbc\xe5"
	"\x1b\x37\xc5\x22\x28\xc2\x4f\x8d\xa6\xf4\xe8\x8d\x6b\xff\xb3\xbf"
	"\x7e\x7e\xfb\x06\xe1\x16\xe4\x83\xa1\x68\x10\x87\xab\x5b\x3d\xc5"
	"\x5a\x3a\x51\xcb\x68\x55\xfb\x49\x00\x4e\x59\xae\x83\x34\x82\x10"
	"\xd5\x25\x8d\x06\x1e\x2a\x39\x31\x40\x6c\x6f\x39\x4b\xf8\xbc\xdc"
	"\x85\x8c\x4c\x1d\x27\xf5\x81\x3e\xff\x2f\xa2\x71\x5c\x60\x57\x54"
	"\x2d\xc6\xcf\xf2\x7b\x5e\x6c\xa2\xc2\xd0\x84\xac\xc3\x55\x4c\x95"
	"\x09\x15\x5c\xdd\xc8\xe9\x21\x8c\xe1\x69\x72\xbd\xba\x9f\x8c\x8f"
	"\xc7\x71\xec\x9e\x5d\x0a\x36\x10\x05\x30\xba\xd2\x8c\x18\x97\x22"
	"\x48\xa2\x8a\xb2\x22\xa4\x6b\x88\x08\xca\xb7\x17\xa9\x22\xc7\xc1"
	"\x0d\x34\xc8\x38\x8c\xc2\xa2\x08\x83\x7a\x18\x15\x14\xe0\x7c\xf4"
	"\x80\x8b\x7c\xa4\xae\x09\x81\xa7\x1c\x48\x64\x1a\x68\x21\xe2\x6f"
	"\xf1\x98\x2a\x90\x00\xf8\x51\x6b\x94\x36\x34\x91\x92\xc6\xa2\xb6"
	"\xa5\xb4\x16\x8e\xbb\xe5\xdf\x5d\x4c\xa9\x89\x27\x81\xd0\x32\x62"
	"\x2d\xc7\xb2\xc9\x13\x0b\x63\x91\x22\xf1\x31\x4d\x0a\xd2\xbd\x5f"
	"\x85\x85\x85\x4d\xff\xf0\x3d\xd7\xe7\x78\x8b\xa0\x52\xa0\x09\x2b"
	"\x51\x66\x96\x43\x48\xe5\x02\x17\x32\x33\x03\xf1\x68\x08\xe3\xa7"
	"\x3b\x1a\x50\xb4\x4f\x17\x74\x87\xf2\xe8\x62\x6e\xe0\x4d\x5f\x16"
	"\x19\x9a\xa7\x42\x6d\x04\x79\x94\xf7\x26\x72\xe9\xd5\x70\xd1\xaa"
	"\xda\x28\x87\xec\x30\x07\x4f\xc0\xa5\xa8\xf4\xd2\x30\xe3\xc3\x89"
	"\xa2\x93\xcc\xf6\x1e\xb9\x52\xe2\x3c\x3b\x88\x50\x09\xec\xb2\x2c"
	"\xc8\x32\x13\x65\x97\x7c\x29\x41\x6b\x53\xf2\x85\x31\xc4\xfb\x0b"
	"\x29\xb6\x78\x2f\x46\x13\xf5\x79\x37\xc6\xc2\xdc\x80\x8c\x12\xe6"
	"\x57\x78\x7d\x30\x05\x1b\xba\xc9\x2a\xa9\xd7\x87\x72\x2e\xdd\xd6"
	"\xf6\x2a\xdb\x18\x2a\x4b\x73\x4b\x12\xf2\x1e\x94\x66\x09\x5a\xa2"
	"\x64\xc5\x65\x84\xf7\xeb\x04\xf1\x86\x06\xf3\x4e\xc1\x77\x72\x6c"
	"\x13\x86\xb8\x08\xab\xac\xde\x9a\x4b\xe3\x80\x77\x19\x54\xff\x13"
	"\x2a\xf1\x0a\x1d\x35\x8c\xf1\xf1\x88\xdc\xf2\x0b\x39\x2f\xcc\xa9"
	"\xe3\xf9\xcb\x5c\x09\x56\x6f\x63\xdf\x92\x40\x14\x06\x32\xdd\x63"
	"\xe0\x9e\x2d\x0c\xf0\xe2\x79\x64\x18\xd6\xdc\x2a\x11\xe7\x13\x02"
	"\x93\x30\xcb\xb3\xd7\x11\x72\x99\x2c\x20\xe5\xce\x76\x8c\xbb\x1d"
	"\x0a\xe0\x33\xd9\xd2\x42\x94\x9c\x8e\x6f\x23\x4f\xe3\x80\x5f\x06"
	"\x99\x35\x4f\x50\xf6\x6e\xbd\xb6\xe6\xb6\x45\xe6\x28\x42\x19\x9d"
	"\x40\x88\xce\x0d\x5d\x3b\xc1\x4b\xa0\xd0\xbe\x81\xcd\x35\x63\xdb"
	"\x5d\x46\x6b\x64\x8b\xde\xca\xd1\x31\xcc\x6d\xa4\x10\xf5\xe6\xe0"
	"\xd9\xce\x42\xd9\xcc\x83\xd6\xfc\x35\xe6\xb7\x0f\xe8\xfb\xa3\xe6"
	"\xca\xc4\x8c\x79\x7b\x08\x08\xd9\x61\xd6\xfb\x38\x0c\x34\x48\x12"
	"\xe4\x1e\x66\x0a\x25\xa1\x16\x3a\x54\x9c\xd8\xae\x8d\x58\xe6\x48"
	"\xa8\xa5\x0e\x94\x7b\x8e\x73\xd0\x80\x50\x03\xfd\x5e\x3a\x3b\xc7"
	"\x32\x16\x71\xae\x81\xad\x02\xd7\x44\x46\x2d\x57\x82\xf8\xf6\x77"
	"\x52\x89\x83\x9d\x75\xb7\x81\xf1\xcf\xaf\xef\xe7\x67\xae\x7d\xb4"
	"\x1b\x99\x46\x0b\x19\x1f\xc1\x35\xa7\x76\xa3\x38\xde\x03\x32\xff"
	"\x37\xae\x92\x94\x7d\xf6\x8c\x69\x7e\x91\xed\xd9\x67\xcb\xe9\x4d"
	"\x2d\x05\x49\xf8\x66\x38\xe2\xaa\xdc\x54\xf0\xe3\xae\x6f\x66\xeb"
	"\x81\x8e\x07\xbf\xc1\x3d\x62\x75\xe0\xba\x58\x3a\x2d\xca\x1e\x86"
	"\x4b\xc2\x74\x91\x64\x5b\x88\x1f\x57\xa5\x65\xcd\xaf\xf5\xda\xc6"
	"\x24\x67\xbd\x7a\xb2\xac\x4a\x07\xe1\xb9\x05\xa1\xce\x18\x1b\x3d"
	"\x7e\xea\x00\x69\x3f\x40\x55\x1a\x34\xf1\x76\x87\xa4\xdc\x4f\x46"
	"\x84\x3a\x8c\x83\x31\x91\x86\xfe\xd2\xf1\x86\xf4\xcd\x3e\xe8\x07"
	"\x4e\x07\x52\x41\xf6\x09\x57\x9c\x86\x44\x88\x1e\x2b\xae\xb6\xb2"
	"\x28\x6a\xa3\x8c\xf7\xb8\x5f\x48\xdf\xe3\x70\x47\xe1\x5b\x80\xbc"
	"\x2a\x6b\x39\x34\x58\x0a\xef\x2a\xef\x2a\x88\x1c\x87\x38\x46\x4b"
	"\xc1\x00\xf5\xc0\x9b\x33\x43\xac\xb7\xbb\x1a\x65\x93\x66\x93\x1d"
	"\xb7\x13\xd6\xe0\xb3\x4d\x21\xc8\xc8\x67\x43\xe3\xcf\x61\x95\xe0"
	"\x9c\x98\xab\x12\x01\xfb\x6c\x5b\x7d\x7a\xbb\x62\xd5\x59\x1c\x0c"
	"\xad\x6f\x45\x39\x8a\xcc\xaf\x23\x29\xa5\x1d\x3c\xf1\x65\xa1\x60"
	"\x46\x4c\x2e\xe1\x95\x8b\x06\x74\x16\x45\x45\xe3\x16\xf4\x1a\x11"
	"\x24\x8d\x62\xb2\x3c\xb6\x6b\x08\xe7\xa3\x01\xcd\xb5\x20\xb6\x22"
	"\xfb\x50\x89\x08\x93\xca\x34\xb6\xa6\x8c\xe9\xd7\x67\x6c\xf2\x20"
	"\xc8\x30\xf8\xd1\x64\x09\x04\x99\xc3\x3b\x51\x99\x93\x1d\x5e\xe8"
	"\x36\x90\xbb\xe9\x3a\x98\xf7\x2b\x48\x23\xaf\x50\x9f\x55\xa2\x9f"
	"\x8d\x23\xbd\x6d\x82\x3f\xc5\x11\x70\xcf\x42\x02\x3a\x1e\x44\x93"
	"\xe0\xbb\x5a\xb0\x75\xe6\x4a\xd6\xd7\xf0\xb3\x3b\x1f\x74\x23\xb9"
	"\xeb\x34\x31\xbe\x87\x04\xae\xbe\x05\xc3\xbd\x6a\xc7\xa8\x88\xa9"
	"\x28\xa6\xf0\x27\x4f\x28\xb9\x53\x22\xdc\x88\x62\xa1\x1a\x5b\xc4"
	"\x86\x46\xc4\xc7\x21\x2b\x3f\x40\xb7\x83\x5d\x12\x79\x16\xe8\xf8"
	"\x1b\x35\xa2\xcc\xd2\x10\x3d\xf5\xe8\x40\x3b\xc2\x5b\xf7\x80\xf4"
	"\xb5\x8b\x24\xc1\x1d\xcd\x50\xc8\xac\x6f\x89\xde\x12\x2e\xb3\xdf"
	"\x68\x1e\xcb\x44\x10\xe4\x9a\xf8\x78\x27\x6c\x3c\x95\x70\xa4\x62"
	"\x24\x5f\xc2\xec\x52\x8b\x4d\xd8\x29\xf9\xed\xd5\x3d\x5c\x9a\x45"
	"\x6f\xa7\xd3\xfb\xc3\x91\xaf\xb6\x7e\x5e\x5d\x6f\xd3\xcf\x2f\x2f"
	"\xe7\xd7\x1e\xf4\xfc\x03\x6e\x1a\xde\x27\x3e\xf9\xe7\xc0\xe0\xa1"
	"\xad\x04\x44\xda\x24\xac\xc0\xcb\xd8\x81\x18\xa1\x7a\x0c\xbb\x01"
	"\x93\x07\x48\x24\xd9\x3e\x2a\xd4\x65\x47\x93\x03\x34\xa4\x64\x10"
	"\x33\x01\x5b\x2b\xf9\x77\x98\xab\x99\x0e\x70\x28\xa3\x7c\x4d\xe4"
	"\xe6\x91\x73\x81\x63\xca\xcb\x48\x6e\xc5\x0c\x06\x73\x53\x6e\xe3"
	"\xbb\xde\xe3\x2f\x17\x75\x83\x52\xe5\x4f\x02\x52\x99\x0b\xc5\x00"
	"\xef\x40\x0b\x03\x73\xd3\xd7\x81\xb6\x73\x13\x73\x00\x7a\x85\x38"
	"\x8e\x16\x82\x59\xa5\xf6\x21\x73\x5d\x59\x1c\x1b\x79\x13\x79\x81"
	"\xc4\xbe\x83\x9d\x17\x74\x98\x55\x59\x33\x3f\x53\x42\x7c\x66\x3b"
	"\xb1\x6d\xdd\x80\xb1\x35\x98\xb9\x15\x3b\x26\xfa\xc2\x7a\x88\xb3"
	"\x6e\xc0\xb8\x7a\xcc\x42\x5f\x26\xcc\x47\x66\x0f\xb2\x30\xf4\x90"
	"\xdb\x2a\xc6\x61\x68\x54\xde\x1e\xec\x70\xf0\x6e\x49\xce\x46\xde"
	"\xbb\x5e\x21\x8e\x1d\xdb\x86\x62\xdc\x89\xab\x40\x31\x86\xa6\xe6"
	"\xe7\x90\x79\x36\xe6\xd3\xb3\x85\xac\xcb\xc4\xd5\x8c\x2d\x9a\xa6"
	"\x19\x84\xfd\x36\x6c\x75\x83\x71\x25\x71\xe9\x39\x9a\x01\x26\x40"
	"\xae\xba\x3d\xb8\x02\x6b\xba\x9e\xa9\xc5\x2c\x96\x07\xad\x94\x3b"
	"\x9c\xae\xd5\x38\xce\xe6\x99\x92\x5b\x12\x6c\x80\x37\xa4\xe8\x98"
	"\xd6\x7f\x6e\x49\x50\xe0\x74\xe9\x15\xa5\xe3\x9a\xae\x16\x62\x9b"
	"\x5a\xc8\x62\xa1\xcd\x8c\xad\xcb\xd8\x51\xa9\x33\x02\x44\x8b\xa8"
	"\xd5\x25\xf4\xd3\xb8\x7e\xd5\x63\x2c\xb1\x5c\xc3\xd2\x97\xad\xc5"
	"\xe9\x04\xcb\x71\x73\xc7\x5d\xa8\x31\x25\xc1\xcc\xf9\xfb\x10\x47"
	"\x23\x88\x92\xef\x36\x08\x53\x62\x4a\xc2\x2c\x47\x33\x2d\x72\x0c"
	"\xea\xa2\xa5\x8f\x59\x98\x07\x3d\xc6\x52\x97\xb9\x8c\xc8\xd2\x5b"
	"\xa8\xe7\x9f\x32\xde\xd9\x96\x41\xa8\x6f\xd9\x5a\x69\xf7\xb1\xba"
	"\x16\xbc\x60\x6d\xf3\x70\xb8\x11\xa9\xc1\x31\x9b\x58\xd6\x22\x54"
	"\x82\xf6\x89\xe7\x98\x86\x16\xa2\x59\x72\x01\xe2\x69\x53\xc1\x7c"
	"\x09\xf6\x21\x9a\xa9\x19\x20\xb6\x3e\x15\x7b\xa1\x85\xcc\xf5\xa9"
	"\x38\xfa\x1a\x39\x5a\xb9\x2c\x16\xfa\x54\x16\xae\x0e\xe2\x19\x73"
	"\x6d\x6f\x6b\x61\xba\x8e\x06\x1e\x5f\x0c\x6d\xb1\x97\xae\xa1\x87"
	"\x58\x5a\xc8\x62\xae\x87\x68\x5b\x7c\xe9\xa9\xd5\x99\x94\x54\x9e"
	"\xa7\xe9\xc4\x7c\xeb\x0f\xa1\x5a\x88\x46\x03\xdd\x7b\xde\xd2\xd5"
	"\xcf\x11\xaa\x11\x2a\xee\x4b\xc4\xc9\x90\x0e\xc3\xfc\x4a\x81\x13"
	"\x87\x81\x79\x41\x93\xb1\x55\xe3\x86\x06\xe3\xd3\xd4\x4d\xff\x79"
	"\x39\xff\x71\x8d\xf0\x58\x16\x61\xba\x2e\x37\x03\x6e\x41\xf6\xbd"
	"\x67\x2a\xa3\x6f\xaf\x67\xee\xcd\x9e\x13\xbc\x92\x1e\x9f\x45\xc6"
	"\xa3\xb7\xce\x80\x27\xf3\x32\xf4\x87\x39\xf0\xbd\x4c\xd1\x8f\xf0"
	"\x7e\x21\xd5\x51\x24\x51\xf3\x81\x59\xf4\x85\x44\x0b\x89\xc8\x2a"
	"\x26\x51\x2a\x38\x41\x91\xaa\x1d\xc6\x5b\x9a\xca\xb4\x32\xcb\x47"
	"\xf9\xfa\x9b\xb0\x28\xee\x65\x1a\xe5\xbf\x64\x62\x56\xf0\x9d\xa7"
	"\x54\x9a\xbc\xc8\x02\xba\x0d\xef\xa5\x22\xf9\xc2\xa8\x59\xa2\xe5"
	"\x96\x69\x5a\x12\xed\xbe\x3b\x42\xe8\x11\x79\xb3\xac\xb3\xb4\x90"
	"\x7c\x39\x5f\xa9\x75\x34\xe5\x58\x1b\xbe\x0c\x13\x36\xaa\x1f\xbc"
	"\x01\xe8\x87\x73\x6d\x68\x99\x44\xf8\xca\xeb\x20\x37\x7e\xb2\xa2"
	"\x85\xdc\x23\xa2\x42\x4a\x6a\x93\xc1\xfb\x8a\x41\x54\x35\x41\xc1"
	"\x0b\xb9\x2e\x5d\xcf\x96\xc4\xc8\x73\x2f\xb3\x4a\xee\x3b\xdb\x7b"
	"\xa9\x43\x54\x3e\x98\x3a\xf9\x43\xe2\x9e\xc4\xbc\x5d\xa5\x72\xde"
	"\x17\xc2\xb8\x75\x48\xa5\x3e\x09\xa4\x14\xcb\x3d\x4d\x37\x24\x95"
	"\x4b\x93\x32\xca\x07\x8b\xfc\x7d\xec\x0b\xd7\xd6\x12\x31\x0c\x64"
	"\x02\x44\x42\x94\x68\xbc\xd8\xe3\xb1\xd1\x51\xeb\xe0\x0b\xc2\xe0"
	"\x3f\xf2\x5c\xba\xa1\x68\x38\x48\x08\x5c\xe0\x17\x55\xb2\x8a\xc3"
	"\x9c\x04\x96\x0a\xb5\x5e\xce\x0d\x15\x7f\xbf\x09\xc1\x62\x07\x6d"
	"\x46\x61\x27\x90\x64\x15\x93\x24\x9a\x50\x70\x8f\x9b\x45\xa5\x44"
	"\xce\x52\x3e\x0f\xc9\x9d\x2c\xa9\xe2\x92\x4e\xb4\x7c\x0a\x0e\x54"
	"\xd3\x40\x92\x62\x5a\x16\x74\x3d\x24\x65\x45\xd3\xfb\xfa\x43\x92"
	"\xa4\xe0\xb0\x3a\xce\x8a\xc1\xbd\x4a\x8f\x8c\x57\x2a\x0f\x53\x5e"
	"\xa5\x54\x2a\x7b\x1e\x96\x24\xbe\x4f\xa5\x69\x2c\xe7\x73\x44\xec"
	"\x07\x93\xc4\xc6\x04\x6c\x82\x7e\xb9\x61\x9b\x66\xf3\xce\x24\x4d"
	"\x06\x79\x4c\xc0\x03\x48\x4a\x7d\x99\xc1\x17\x05\x22\x15\xa9\xc8"
	"\x7c\x9f\x48\x49\xf3\x39\x6b\x24\xa2\xd6\xe0\x51\x22\x0e\x66\x3c"
	"\xf8\x35\x9a\x4b\x58\x1e\x86\x60\xa9\x36\x1c\xef\xc0\x28\x43\x92"
	"\x20\x32\xe5\x3c\xde\x91\xf8\x42\x12\x4a\x35\x68\x5f\x3a\x4b\x55"
	"\xe8\x9f\xbd\x8a\xa1\x5c\x84\x61\x4a\x18\x1d\xbc\x21\xbc\x10\xf1"
	"\xa6\x64\x09\x29\xca\x2f\xd9\x7d\x9b\x45\xef\x39\xd7\x95\x8e\x7f"
	"\x5d\x52\x79\x08\xf3\x39\x86\x85\xf2\x58\x2f\x37\x7c\x9e\x48\x64"
	"\x5a\x51\xb1\x32\x21\x60\xb5\x3c\x74\x51\x7f\xa5\xe3\x19\xef\xc9"
	"\x68\xb6\xde\x53\x9a\x64\xa5\x34\xcc\x0e\x94\xf7\xd4\x21\xe9\x6b"
	"\x58\x64\x72\x6d\x3b\x1a\x9e\xe1\xd7\xfb\x80\x2f\xc8\xf2\x54\xd7"
	"\x78\x72\xaf\x37\xd5\x6a\x92\xee\xf3\x9a\x80\x77\x2c\xc9\xdf\xbb"
	"\x58\x8d\xe3\x5c\x6a\xd2\xbb\x5d\xd1\xa9\x10\xf0\x8e\x76\x52\x6f"
	"\x69\xee\x11\x46\x83\x29\x90\x5e\xd6\xd2\xa0\xb9\x38\xbc\xbc\x34"
	"\x98\x4c\x0c\xce\x5c\x37\xf2\xb7\xd9\xc6\xa7\x35\x18\xce\x71\x9d"
	"\xab\xb1\x09\x1c\xf2\x47\x36\x26\xe2\x7a\x44\x44\xa3\x19\xd2\x48"
	"\x01\x13\x33\x61\xf5\xc6\x1f\x66\x21\xc1\xd2\x94\xcf\x24\x7e\x58"
	"\xa7\xe1\xfe\xf2\x86\x73\x32\xea\x2c\x08\xa5\x3d\x9a\x1f\x0a\xa4"
	"\x7b\x52\x02\xf6\x80\x94\x0d\x0c\x1c\x05\x1b\x75\x4a\xd3\xaf\x76"
	"\xb9\x96\xbf\xe3\xa4\x7a\xbf\xe1\xb3\x42\x4c\x19\xfe\xc4\x1e\x50"
	"\xab\x58\x4c\x57\xac\x84\x8e\xa0\x44\x46\x0c\x7f\x0a\x0f\x93\x1a"
	"\x18\x71\xad\x21\x9e\x2b\x27\x20\x6f\x9d\xc5\x33\xe9\xa1\xef\x59"
	"\x20\xed\x45\x3b\xac\x48\x34\x52\x80\x45\x67\x3a\xbf\x7f\x80\xa9"
	"\x01\xbc\x23\x7a\x06\x5b\xdc\xf1\xa9\xba\xf8\xde\x5d\x1c\x0c\x03"
	"\x5a\x0c\xc9\xf8\x00\xbd\x43\x6e\xd0\x86\x9a\xfb\x74\x8a\xda\x1a"
	"\xde\x0c\x59\xe1\x35\x99\x41\xfe\x82\x5e\x80\x85\x2e\x17\x64\x5d"
	"\x62\xd5\x17\xb0\xb2\x84\x2e\xc3\xb8\x5e\x1a\x4c\x24\xde\x94\x66"
	"\x9c\xb8\x64\xff\x35\x51\xa6\x7e\x91\x87\xed\x77\xa8\x2c\xd3\xd8"
	"\xe4\xb2\x78\x06\x20\x88\xc9\x6e\xba\x07\x2d\xc6\x76\x2d\x25\x26"
	"\xe2\xbd\x85\xe7\xa6\xc4\x40\xcc\x3f\x70\xea\x8e\x37\x57\x36\xd9"
	"\x5c\xd9\xa5\xa6\x72\x93\x65\x3a\x19\x54\x2d\x00\xf7\xe7\x10\x7b"
	"\xa6\xa9\x44\x14\x1e\x71\x5d\x67\xb9\x50\x82\xa0\x0c\xe2\x65\x34"
	"\xd8\xfa\xa2\xa8\x2a\x0f\x16\x92\x77\x99\x4b\x8f\x6f\xac\xcd\x67"
	"\xfe\xf3\xf1\xfd\x7d\xbc\x0d\x13\x33\x8f\x3f\xaa\x9e\x30\x1b\x40"
	"\x2c\x2b\xc4\x20\x0b\xf0\xe1\x5b\x0e\xdd\x96\x37\xa1\x8f\xf9\x7a"
	"\xf4\xcf\x59\xe3\x09\x23\x2b\xc0\xd6\xf4\xf1\xf4\x03\xde\xe4\xc1"
	"\xeb\x58\xe6\x33\x3a\xfb\xeb\xe7\xc7\x6c\x15\x6f\x61\xe6\xab\x59"
	"\x30\x7b\x39\xfe\xea\xae\x25\x8f\xcf\xef\xe7\xd9\x5f\xa7\xd9\xeb"
	"\xe9\xf4\x78\x7a\xfc\x1f\x9e\xe8\x69\x90\xd2\xe6\xf4\xfc\x43\x5c"
	"\x51\xbe\x80\x7f\xb8\xa7\xd7\x6f\xe7\x61\xf5\x5a\x9c\x5c\xc5\x96"
	"\xac\x30\x81\xe8\xa3\x60\xc7\xa8\x72\x7c\x72\x49\x8d\x94\x24\x22"
	"\x2b\x2d\x2e\xe2\x0a\x09\x76\x5f\xd8\xc7\x51\x16\x58\x0a\x37\x3e"
	"\x1d\x8c\xff\x4d\x4a\x2d\x8a\x05\x41\x61\x2c\x6f\x82\x39\x8e\x16"
	"\xf6\xa5\x4a\x72\xb6\xc9\xf4\xd9\x92\x98\x54\x01\xd1\xc2\xb2\x34"
	"\x14\x9a\xbd\x16\xb8\x25\x45\xa2\x4f\xae\x7b\x46\xcf\x1b\xc4\xd7"
	"\xb7\x47\x98\x72\x21\xae\x5c\xcb\xc1\x65\x5d\x11\x36\x39\xc0\xe8"
	"\xcb\xf1\xfb\xd3\xeb\x77\xcc\x3b\x5b\x12\xf8\x9e\xa2\x05\xc5\xf6"
	"\x47\xd1\xb3\x68\x8e\x3b\xb5\x16\xdf\x8b\x59\x22\x28\x7c\x64\xe6"
	"\x0b\xf6\xbe\x3d\x52\x04\x38\x8d\x6f\xbb\x15\x8b\xb9\x40\xac\x89"
	"\xec\xcb\x45\x46\x04\xe0\x40\xb9\xc8\xae\x11\x69\xf2\xe7\xe3\x07"
	"\x1f\x8a\x2f\xb3\xf5\xf3\xcf\x53\xbb\xb8\x76\x7e\x13\x24\x5d\x05"
	"\xbe\x1f\xcd\xbb\x82\x9a\x45\xa3\x47\xef\x17\x9e\xf4\xea\xaf\xa5"
	"\xe3\x8e\x79\x20\x10\x3b\x0d\x86\x8f\x52\xa4\x15\x68\xe1\x1a\xc3"
	"\x8c\x5a\xe2\x78\xbd\xb8\x30\xb8\xe8\xba\x6a\x8f\x16\x34\x00\x34"
	"\x92\x13\x10\xe5\xe2\x07\xd8\x8b\x0c\x27\x3b\x57\x7e\xfe\xb7\x78"
	"\x31\xf4\x0c\x92\xfc\x35\x14\x61\x2e\x15\x2f\xe7\xcb\x55\x16\x53"
	"\xbf\xb7\x2b\x13\xae\x3e\x1b\x5e\xbe\xb9\xef\x6b\xd5\xd0\x22\xd3"
	"\xcb\x41\x63\xd2\x34\x9a\x2e\x1b\x43\xa7\x09\xdb\xc8\x29\x58\x7b"
	"\x12\xa8\x83\x29\xcc\xc4\x7b\x28\x42\x0b\x1f\xc2\xb7\x69\x71\xc5"
	"\xd6\x36\x4d\x57\x07\x6b\x8e\xfa\x90\x0e\xd1\x55\x73\x63\xcf\x4d"
	"\x44\x04\x42\x15\xde\x84\xaa\xf9\xb6\x01\x82\x27\x51\x70\xf9\x1a"
	"\xc6\xa1\x42\x85\xed\x72\xcc\xb9\x96\x73\xc0\xa4\xde\xce\x65\x89"
	"\xa7\xcb\x33\x4c\xf2\x70\xad\xce\x29\x2a\xc1\xa4\x6f\x68\x00\xd6"
	"\x63\xef\x28\xcb\x0a\x5d\x36\xf4\xff\x48\xbb\xba\xef\x46\x71\x64"
	"\xff\xaf\xf8\xcc\xd3\xcc\x39\x77\xee\x1a\x30\x36\x7e\x98\x07\x21"
	"\x64\x9b\x09\x5f\x46\x60\x3b\xfd\xc2\xc9\x24\x9e\x6e\x9f\x49\xe2"
	"\xdc\xc4\xbd\x3b\xbd\x7f\xfd\x55\x49\x60\x23\x50\x41\xf6\x6c\x3f"
	"\x74\x12\xd5\x8f\x42\x12\x52\xa9\x24\xd5\x47\x46\xb6\xa3\x98\x51"
	"\x2e\x4c\xcc\x12\xd4\x06\xcb\x80\x13\xbb\xec\x31\xe8\xca\xb3\xec"
	"\x81\xd0\x63\xcd\xf0\x94\xce\x1c\xe3\x8d\xdc\x8f\x42\xca\x72\x0c"
	"\x02\x87\xbd\x19\x49\xc4\x0c\x24\x9f\x84\x8e\xc2\x22\x3e\xda\x0f"
	"\x77\xa9\x1f\x8a\xf9\x45\x47\xfb\x36\xa6\x45\x55\x7e\xa2\xcb\xa4"
	"\xbf\xc9\x28\x28\xe5\x0b\xec\xba\xb4\x03\xf3\x66\xe3\xb0\x43\xf9"
	"\x99\xd1\x91\x90\x5d\x4c\x46\xe6\x73\x16\xd9\xce\xd4\x41\x46\x7c"
	"\x5a\x84\x73\xcf\x1d\x9d\x5a\x5b\x4a\xca\xc3\x28\x48\x48\x73\x38"
	"\x04\x18\x95\x7c\x19\xcd\xbc\x83\x3b\x0a\x23\x2b\x36\x2e\x44\x59"
	"\x9e\x93\x7d\x98\x0b\x39\xc3\xf9\x28\xfa\x3e\xf6\xd3\x68\x0c\x35"
	"\x3e\xd1\xa4\xdb\x1e\x18\x68\x8f\x01\x0f\x42\x7a\xa7\xa3\xfd\x91"
	"\x66\x68\x6c\x89\x36\x2a\x4e\xc2\x84\x15\x9f\x61\x46\xc7\xb9\x1d"
	"\xe0\x38\xaa\x8a\x47\xd9\xed\x43\xbe\xf1\xd3\x64\xfc\x43\xf0\xd2"
	"\x9a\x8e\x8e\xea\x6d\x31\x3a\xd7\x7a\x5b\x92\xeb\xaa\xad\x1f\x04"
	"\x3d\x99\x0f\x2f\x58\x1c\xce\xf1\x77\x08\xaa\x8d\xaf\x91\x24\x28"
	"\x8b\xc1\x51\xbe\xe3\x6c\x3d\x70\x72\xb3\x4e\x0b\xb8\xf2\xc0\x11"
	"\x03\x7b\xdd\x66\x95\xa3\xf7\x0b\x3a\x77\x06\x60\x32\xbf\x24\xae"
	"\x58\x05\xf2\x96\x01\x3f\x51\x80\xf5\x8f\x45\x03\x72\x56\xde\x23"
	"\x0e\xc5\xf6\x90\x5d\x11\x72\xf1\x63\xb7\xc6\xa5\x7a\x84\x37\xb5"
	"\xc8\x49\x42\xd9\x2e\xf4\x73\x34\xab\xab\x6c\x4a\xba\x27\x79\x1e"
	"\x0e\x20\xe0\x6c\x00\x3d\xc7\xe1\x42\x07\x95\x87\x07\xab\xf0\x50"
	"\x94\xb9\x41\x5d\x85\x9b\x85\x15\xbe\xca\xdd\x8b\x87\xf0\xc1\xc0"
	"\xbe\xc8\xee\x3c\xe0\x63\x6d\xc3\x43\x0a\xbf\x38\xee\xd4\x19\x05"
	"\xcd\xe6\xba\xc5\x5b\xbb\x27\x21\xbe\xa7\xf8\x18\x10\x9a\x8a\xf5"
	"\x0f\x36\xe9\x86\xa4\x5c\x2c\x9e\x66\x0d\xfa\xdb\x8f\x8f\xd3\xe3"
	"\xc3\xf3\x24\x7a\xf8\x21\x54\x69\xa3\xca\xab\x74\xe3\xfe\xa1\x27"
	"\xb9\x63\x90\x62\xd6\x50\xab\x44\x45\x9f\xac\x0e\x94\x85\xbb\xee"
	"\xb3\xe0\x56\x55\xed\xfc\x81\xa0\xac\xf2\xe4\x0b\xb1\x16\x94\x01"
	"\x7f\x54\x0c\xc8\x18\xaa\x81\x32\x91\x40\xef\x60\xcd\xa1\xfe\xf8"
	"\xb6\x35\xca\x8c\xd1\x49\x9a\x6d\x87\xaa\x4f\x52\xf4\x02\x50\xc6"
	"\x42\xa0\x09\xc6\xd5\x36\xce\xf4\xd0\x85\x5b\x43\x97\xc9\x38\x24"
	"\xbc\x26\xe0\x9b\xd5\x7e\x8b\xda\xdd\x26\x77\x4d\xbd\xce\x54\x7b"
	"\xa9\xe1\x63\x9a\x36\x08\x62\x02\x30\xfe\x49\x28\x1f\xac\x8b\xfc"
	"\x88\x95\x34\x7b\x70\xa7\x53\x03\xbd\x39\x3e\x80\xd8\x8b\xca\x7b"
	"\x8c\xff\x66\xb7\xc6\xde\xf1\xfd\xf4\xf6\xed\xf8\x2e\x46\xdf\xed"
	"\xcc\xb9\x2b\xae\x9b\x13\xce\x32\x18\x08\x40\x9c\x0f\x92\x9b\xa3"
	"\x44\x3c\xb6\xed\x81\xd8\x0b\x7c\x26\xc7\xbb\x41\xf6\x40\x76\x06"
	"\x8e\x5f\xe1\xdd\xb8\x10\xf0\x03\x3a\xc8\x9d\xc4\x81\xeb\x3a\xf3"
	"\x21\x88\x58\xf3\x6d\x7b\x61\x0f\xd3\x87\x22\x25\xa7\x77\xb8\x9e"
	"\xce\xd6\xf6\xb4\x18\x1b\x2e\xfd\x78\xa7\xba\x04\x0a\x55\xe6\xd1"
	"\x78\xe0\x5a\x43\x79\x20\xe2\x67\xd4\x51\xe8\x83\x8b\x48\xca\xc3"
	"\xa2\x73\xf2\xb1\xaa\x8f\x68\xdb\xb3\xfa\xb6\x4d\xd7\x4a\x19\xac"
	"\x8d\xdd\xa7\x4d\xd0\x55\x95\xfa\xec\xd0\x2d\x4b\xba\xef\x59\x55"
	"\x8c\xf5\x8a\x78\xe9\x73\xd6\xb9\xf9\xca\x13\xb1\x60\x76\x81\xc6"
	"\xc2\x18\x1c\x77\x6f\x87\xb2\x1a\x6d\xd5\x43\x97\x84\xda\xbd\xb2"
	"\x1d\xed\x31\xd5\x9c\x0d\x55\x59\xef\x4a\x6f\x05\xce\x5c\xdd\xa2"
	"\xac\x5f\xa4\x2c\x71\x79\x4e\xfb\x9f\xa1\x57\x14\x84\x64\xdd\x2d"
	"\xa3\x5a\x5a\x8b\xba\x8c\xf6\x6b\xb3\xe6\xbd\x3a\x6f\x03\xce\xbb"
	"\x57\x8a\xf0\xeb\x0a\x29\x35\x7e\xdb\x2b\xb1\x37\x6c\xae\x94\xfe"
	"\xc7\xbf\x92\x92\xfe\x75\xc0\x95\xc6\x28\x76\x6b\xd4\x86\xdc\x06"
	"\x88\x99\xcb\x96\xca\x81\x31\xc6\xc9\x30\x7a\x6e\x6f\x61\x58\xcb"
	"\x3a\xc3\xcb\x5c\x83\x55\x15\x41\xa8\x81\xb1\x1a\xf4\x07\x64\x8b"
	"\xd4\x1b\x4b\x2d\x5a\x36\x40\xeb\x0d\xa2\x36\xcd\x3c\xf2\xae\x88"
	"\x92\xed\x58\x52\x0c\x34\x4b\x4c\x17\x6b\xbc\x55\xfd\x49\xd5\x6e"
	"\x57\x6f\x2a\xb5\x88\xbd\x39\xd5\xe6\xba\xa3\x03\x35\x33\x5c\x29"
	"\x99\x81\xfd\x19\xd5\x22\xf6\xa7\x56\x9b\x48\x07\x6a\xd7\x9b\x6c"
	"\x2d\x5a\x3d\xeb\xb0\xaa\x87\x19\x1d\xba\xac\x96\x77\xd5\x83\xfa"
	"\x57\x85\xea\x82\x7b\x53\x8e\x9e\x38\xd6\x73\xe4\xc6\x14\x4d\x79"
	"\x08\xb4\x8c\xe5\xd0\xbd\xe9\x0a\xd6\xa8\x56\xd7\x65\xfb\x9c\xb3"
	"\xad\xd8\xf0\xc5\xb4\x57\x78\x3d\x60\xd7\xde\x22\x3e\xd1\xba\xd6"
	"\x63\xcc\xb1\x3b\x04\x86\xc5\x3e\x0b\x02\xd1\x6a\xde\xc9\x42\xdd"
	"\xae\x11\x11\xfb\x9b\x14\xcc\x3f\x02\xa1\x5a\x86\xed\x90\xc2\x82"
	"\x4a\xa3\xbb\x35\x29\xae\x77\x06\x2a\x98\xb2\x8a\xa7\x4c\x21\x16"
	"\x6b\xd0\xcb\x8b\x23\x1e\xf2\x41\x11\xd7\xf9\xc8\xa2\xc6\xcb\xfa"
	"\xe6\x4e\x7d\x23\xf9\xd2\xa0\xc2\xf4\xd0\x35\x66\x93\xd8\x70\x96"
	"\xb1\xd6\x0f\x32\x74\x73\x49\xcc\x79\x99\x04\x83\xee\x06\x04\xca"
	"\x44\x6f\x42\x74\x4c\x26\xdd\xbb\xa5\xd1\x53\x3f\x68\x73\xab\x95"
	"\x9f\x30\x42\x00\xae\x24\x8f\xc5\x8f\x10\xa9\x07\x0f\x36\xfa\xd5"
	"\xfe\xb5\xb0\xeb\x4f\xdc\xa7\x47\xc5\x2a\x36\x3f\x9a\x0a\x19\x94"
	"\x13\x8e\x6c\x8e\x75\x5c\xb1\xb4\x46\x50\x2b\xf8\x69\x74\xbb\xba"
	"\x61\xd4\x8d\x8e\xa9\xb8\x52\xa1\x3d\x34\xbe\x45\xb8\x82\x18\x85"
	"\xf8\x7b\xb1\xc4\xa6\x30\xee\xfc\x05\x96\xee\x56\x50\x77\x32\x63"
	"\x57\x8c\xe4\xdc\x96\x73\x70\x8f\x3f\x5c\xfa\xce\x14\xe7\x5d\xf2"
	"\x0d\x1d\x20\x06\x9b\x70\x2e\xb6\x62\x58\x3f\xd1\x6d\x65\xf8\xd4"
	"\x4d\x3c\x3c\x34\x31\xb6\xc0\xc4\x85\x69\xef\xca\x54\x2f\x83\x11"
	"\xb9\x3c\x2a\x8b\xc1\x8f\x5c\x4b\x34\x10\xf3\x22\x34\x6f\x7b\xd9"
	"\xbe\x63\x73\x28\x8d\x75\x64\x30\x16\xcd\xec\xf4\x5a\x5a\xad\xc4"
	"\xff\x9b\xde\x74\x80\xb8\x2a\x86\xe3\x2b\xf9\x9c\x4f\xe3\x39\xe6"
	"\x6d\x77\x03\xb8\x03\x00\x99\xe9\x77\x3a\x48\xc7\xdc\x4a\x25\x3d"
	"\xa3\x64\xd9\xc9\x60\xd2\x26\xc3\xfe\xbe\xd7\x5a\x99\xca\x7a\x36"
	"\xf0\xce\xcc\x75\x6d\x6b\x84\xee\x0c\xd3\xe7\xf6\x10\xdd\xc3\x52"
	"\xf9\x34\x74\xcc\x5d\xf0\xd6\x66\x24\x62\xcc\x15\x30\x77\x06\x00"
	"\x81\xd0\x3d\xec\x19\x9f\x22\x8e\x17\x8a\x09\x12\x79\x47\x12\xaf"
	"\x89\x01\x07\x3e\x7d\x20\xf6\x79\x43\xbd\x50\x38\xee\x72\xa0\x17"
	"\x0b\x4a\x20\x0f\xe6\x00\x20\xa2\xee\x12\x73\xa6\xba\x0e\x2e\xf7"
	"\x6f\x9c\x1e\x72\xc7\x5a\x45\x8e\xb5\x3c\x8c\x62\x6c\x43\x46\x91"
	"\xdb\xcc\x90\x46\x2d\x7f\x3c\x9f\x5e\xff\xfa\xd9\x52\xd9\x49\xf2"
	"\xb5\x3f\xa9\x23\x12\x7d\x7f\x85\x80\xc9\x06\x17\x8b\xc9\xcf\x37"
	"\x43\xd3\x5f\xfa\x73\x0b\x8e\xd2\x06\x3e\xc1\xb6\x08\x41\x9d\xa9"
	"\xb0\xb8\x47\x12\xa4\x92\xbe\x63\xb3\xa3\x4e\x20\xd9\xe1\x0b\x17"
	"\xd1\x3d\x51\x60\x46\x54\x3b\xbb\x23\x5f\x24\x6d\xaf\x2c\xe7\x75"
	"\xbe\x32\x5f\x26\x1c\xb7\x8d\xf3\xde\x10\xb8\x16\xe0\xe6\xaa\x35"
	"\x47\xb1\x68\x4e\xd0\x3e\xd4\xf8\xe5\x8a\xf7\xd3\xd7\xaf\x9a\xf2"
	"\xd2\xb6\x66\xec\xbf\xbc\x31\x73\xec\xc5\x93\x31\xc3\xd2\x84\xa1"
	"\x26\x37\x1a\x70\xc3\x84\x06\xe3\x63\x97\xd4\x1a\x74\x38\xcc\xa4"
	"\x06\xa5\x59\x39\x0e\x42\x83\x4a\x69\xa8\xc6\x56\x55\x1f\x47\xb2"
	"\x1f\x4f\x6f\x17\x08\x4a\xff\x31\xb9\xa8\xce\xbc\x0d\xf7\xe4\x78"
	"\xf9\xf3\xf4\x7c\x81\xf8\xe0\x32\x16\xf6\xe4\x67\xe8\xf3\xcb\xc3"
	"\xfb\xd7\xe3\xa5\x3f\xd6\xaf\x7d\x2b\x94\x51\x1e\x62\x11\x01\xf5"
	"\x06\xe2\x39\x62\x34\x5c\x46\x12\xc4\xba\x01\xee\xfb\x39\x0f\x7d"
	"\xa1\x8b\x23\x91\x18\x43\xf1\x7f\x22\x56\xee\xc4\x74\x10\xc4\x84"
	"\x10\x35\x25\x0d\x65\x9d\x20\xbc\x4d\x2a\x91\x82\xc2\xb9\x51\x2b"
	"\x2b\x6b\x41\xaf\xab\x71\xab\x68\x43\x85\xba\x70\x6f\x2e\x6c\x82"
	"\xa8\xfd\xf4\x7e\x79\x9c\xfe\xd4\x06\x08\x62\x91\x6e\xa8\xfe\x54"
	"\x5d\xd8\x79\xea\x96\xdc\xa4\xa0\xc8\xfd\x95\xa0\x4c\x4e\x4d\x74"
	"\xe2\xd6\x04\x81\x27\xe0\xfc\x19\x38\xaf\x3a\x55\x94\xe5\x10\xe1"
	"\xc8\x50\xdc\x09\x09\xd5\x2e\xaf\xca\x90\xc9\x88\xf5\xe6\xfc\x2b"
	"\x50\xc5\x7c\xd7\xbb\x3b\xb9\x1a\x89\x43\x4d\x0d\xca\x49\xf3\x1c"
	"\xf1\x7d\xf7\x0b\x43\xa2\x69\xde\x40\x07\x2c\x7f\x62\x03\x09\x38"
	"\x1a\xe9\xb0\x0d\x41\xbc\x21\x5b\x90\x39\x96\xcf\xbc\x86\x6c\xee"
	"\x63\xcf\x9d\x0f\xd7\x57\xec\x5c\xe6\x4b\x2c\xef\x76\x8d\xc9\xb9"
	"\x4b\x9d\x91\x77\x85\x3c\xb2\x6c\x24\xc1\x9f\x8e\xb1\x87\x19\x1d"
	"\x04\xc4\x1d\x44\x64\x74\x85\xfa\x18\x6b\x98\xe9\xfc\x13\xa0\xcf"
	"\x60\xbc\x91\x3e\x9c\x59\x85\x37\xdc\x85\xfe\xd6\xb1\xef\x06\x11"
	"\x5c\xa8\xae\x4b\x24\x06\x60\x83\x59\xc5\x8e\xe5\x8c\x7c\x2b\x31"
	"\xfc\xac\x51\x88\x8b\x04\x87\x68\x73\xb1\x87\xbf\x02\x8b\x9d\xa9"
	"\x3d\x3c\x8a\x73\xc8\xb0\xee\xf4\x63\x12\x89\xbd\xda\xc8\x54\x83"
	"\x1e\x5d\x8e\x77\xfa\x72\x36\x3e\xd1\xec\x71\x88\x3b\x0a\x99\x39"
	"\xe3\x90\xf1\x19\xbd\x9c\x8e\x4f\x45\xc4\x8e\xed\xda\xa5\x4b\x2c"
	"\x90\xcf\xed\xd3\xcd\xc6\xbf\xee\xdc\xb2\x3e\x31\xe5\x67\xde\x27"
	"\x44\x87\x3d\x36\x7d\x6c\x6b\x64\xae\xc6\x34\x5b\x2c\x5d\x64\x95"
	"\x33\xc4\x45\x82\xf1\x03\x19\xa3\x3e\x21\xb2\x03\xee\x60\x36\x4e"
	"\x7a\x0d\xc7\x06\xb2\x18\x47\x4b\xda\x4f\x2b\x78\xb5\x7b\x1d\xad"
	"\x87\x65\x7b\xf3\xb1\x01\x82\x85\xa8\x6f\x43\xdc\xd1\x91\x38\xf7"
	"\xdc\x6a\x45\xe2\x30\xba\x1f\x43\x2e\x66\x63\x93\xc3\x9e\x4d\x87"
	"\xa7\x18\x64\x34\x5d\x14\x64\x64\xa0\xcc\xbc\x62\xa4\xf5\x00\x71"
	"\xdc\x51\x88\xbb\x1c\x86\xf0\x78\x6e\x8f\x34\xca\xdf\xce\xbc\x91"
	"\x41\x9b\x67\x2e\x1d\x99\x65\x30\x20\x86\x67\xd0\x97\xfb\x64\x1b"
	"\xf7\x93\xc9\x9d\x5f\x7f\x05\x6d\x7a\x64\xbc\x64\xd1\x74\x44\xce"
	"\x03\x62\xb8\x8a\x59\xec\x75\xe2\x9b\x77\x00\xdd\x0d\xdb\xf5\x9b"
	"\x26\x3b\x6e\x8c\x22\xa0\xd2\x9b\x8d\xd5\xbd\xe5\xfe\x57\x84\x48"
	"\x9c\x6a\xd6\x09\x69\xd7\x18\x27\xc4\xe4\xe6\x01\x77\xf3\x68\xbf"
	"\x96\x22\x1a\xa6\x00\xf4\x93\x2b\x40\xfa\x77\x96\xac\xb5\x74\x09"
	"\x50\x56\x87\xd5\x06\xe3\x91\x24\x61\x11\xd7\xa9\xe9\xaa\xfd\x66"
	"\x12\xc3\x41\x5b\x34\x45\xb2\x05\xc9\x28\x73\x01\xe2\x93\x00\xb7"
	"\x1e\x11\x18\x25\x11\x24\x27\x51\x2c\x74\x1d\xd1\x47\x48\x6a\xd5"
	"\x2c\x72\x9c\x69\x85\x31\x97\x26\x20\x3c\xe3\x28\x40\xdd\x5b\x8f"
	"\x91\xd5\x18\x1d\x7e\x8b\x4f\xe2\x61\xc0\x06\xda\x58\xc5\x6b\xc4"
	"\xa0\xee\x86\x31\x7c\x70\x49\x5c\x43\xfa\xaa\x58\xf3\xdb\x6d\x97"
	"\x0f\x98\x80\x04\x7b\x00\xd0\x21\x9a\x31\xc8\x26\x54\x86\x3e\x9f"
	"\x8e\xaf\x17\x6d\x04\x13\x7e\x9f\xd0\xaa\xc0\xbb\x4d\x94\x1b\x37"
	"\x0f\xa2\xdc\x2f\x57\x7d\xe7\x4c\xc9\x0f\xcc\x52\xb4\x8b\x86\xbd"
	"\x2c\x37\xef\x22\xcb\x83\xc1\xfe\xac\xb9\x34\xea\xd8\x6e\x43\xd4"
	"\x28\x24\x22\x14\xd0\x32\x98\x8c\x6b\x96\x84\xf9\x16\xc5\x04\x90"
	"\xa1\x73\x04\x43\x90\xb8\x54\x40\xe3\x2c\xa7\x29\xb2\x23\x92\x75"
	"\xa0\xe1\xb0\x4f\x80\xc0\x24\xac\x38\xe0\x0c\xf2\x12\xb3\x6d\x15"
	"\xd4\x78\x25\xc4\xbd\xb9\xa7\x94\x21\xd3\x86\xe4\x0c\xda\xa8\xe5"
	"\xc2\x5d\x21\xe7\x14\x20\x19\xd0\x04\xa3\xbb\xd3\xfb\x05\xf2\x53"
	"\xf6\xe5\x1e\x3c\xa6\x9a\x8a\x72\x85\xea\xc4\xfa\x5b\x6b\xff\xde"
	"\xc7\xf7\xf3\xc7\xf9\xcf\xcb\x64\xf3\xe3\xed\xf8\xfe\xeb\x6e\xf2"
	"\xf5\xfb\xf1\xe3\xd2\xf2\x54\xbe\xb1\x11\x5d\xad\x64\x20\x9e\x05"
	"\xf8\x96\x6d\xaa\x2e\xf0\xc4\x0a\x40\x4a\x2d\xba\x41\x1e\xf2\xd8"
	"\x46\x13\x28\x8b\x69\xc7\x82\x10\x59\x56\x22\xcf\x5a\xda\x25\x46"
	"\xc4\x12\x9e\xe4\xde\xc2\xc2\x9e\xf2\x2c\xcf\x63\x18\x47\xee\x62"
	"\xfb\xc9\x5d\x31\x9f\x63\x49\xb3\x81\x34\xef\xef\xee\x45\xe7\x7f"
	"\x5c\x6a\x7f\xad\xeb\x27\x54\x59\xd7\x1e\x1f\x8f\xcf\xc7\xf7\xf3"
	"\xcb\xb1\x9b\xd0\x95\x88\xa9\x68\xcd\x6d\x44\x13\x68\xa8\xce\x20"
	"\x75\x39\x44\xd5\x4d\xe1\x5b\x89\xbd\x65\x2a\xc3\x3a\x47\xe2\xe3"
	"\xf9\x55\x54\xb7\x5f\xb7\xc5\x1c\x89\xb5\x2f\x48\x0b\x64\x37\x2a"
	"\x48\x9e\x85\x3e\x65\x21\xc6\x5c\x82\xd4\x31\xb2\x6a\x57\xb5\xa9"
	"\xe7\x1f\xa7\x5f\x9f\x4e\xef\xc7\xc7\x8b\xcc\x9b\x8a\x54\xba\x58"
	"\x38\x56\xff\xeb\xd0\x87\xb7\x87\x47\xc1\xe4\xf5\xf1\xf8\xa9\x96"
	"\x5b\x2e\xda\x3c\xcb\x45\xdb\xb0\x98\xcd\x0d\x19\xd0\xa1\xc6\xd7"
	"\x7c\x94\xfc\xc7\xeb\xe5\xdb\xf1\xe3\xd4\x79\xe1\xd2\x73\x30\xae"
	"\x82\x34\x43\xf3\xaa\x7f\xfd\x21\x66\xf7\xe3\xf9\xed\xd8\x64\xe6"
	"\xed\x8f\xae\xe9\xbc\xdf\xb1\xc9\xf1\xf2\xaf\xf3\xfb\x5f\xb2\x83"
	"\x7f\xfc\xfb\xf8\xfe\x3f\x93\xf0\xe5\xed\xf8\x24\xbb\x87\x22\x7d"
	"\xe2\x2e\x9d\xfe\x46\x3b\x3a\x7d\xfd\x76\x31\xbd\x5b\xa9\x67\x70"
	"\x1d\x11\xd9\xcb\xa9\x85\xc4\xd4\xd2\x40\xc8\xbd\x5c\x21\x88\xd8"
	"\xf1\x08\xd0\xfe\x5e\xfc\xdd\x1f\x38\x62\x8c\xfc\xf3\x38\x39\xbe"
	"\x1e\xdf\xbf\xfe\x98\xc8\x79\x07\xf3\x32\xa4\x7a\x93\xd8\x02\x0b"
	"\x98\xa6\x68\xb3\x01\x9a\x37\x40\x5b\xa2\x34\xcf\xed\x7f\xcb\xfc"
	"\xf8\x71\x7e\x86\x4b\x99\x4f\x0c\x4c\x9b\x2f\xb1\x81\x69\x8b\x0d"
	"\xe0\x74\x88\x68\xf5\xc7\x41\x73\xa7\x30\xf9\x75\xa2\xf2\xd5\x3e"
	"\x9f\x5f\x8f\x9d\xec\x4c\x3c\xc6\x02\xcf\x09\xe2\x61\xdd\x57\x7d"
	"\xf8\xdb\xf1\xe1\xaf\xef\x6f\xd0\x06\x99\x76\xe1\xe3\xed\x78\x7c"
	"\xfc\xa6\x0d\x8e\x8c\x91\xbb\x32\xc3\xd7\x97\xaa\x13\xb4\x4a\x25"
	"\xe6\xa5\x7a\x04\xd5\x6b\xe1\x90\xfa\xb6\xf3\x2b\x7a\x08\x84\x94"
	"\xc4\x9d\x93\xb3\x32\xe2\xcc\x03\x46\x06\x01\xf4\xf4\x7e\x3e\x3d"
	"\xdd\xd4\x2d\x22\x33\x92\x6b\x0a\x7c\x12\xe4\xa9\x0c\x94\xb4\x87"
	"\xeb\xed\x34\xbf\xaf\xee\xc2\x28\x42\xae\x5c\x1a\xf4\xce\xbc\x3b"
	"\xa9\x03\xa4\x30\x02\x36\xf5\x95\xd8\x3e\xb4\xf6\x0e\xa1\x1e\x90"
	"\x42\xfc\xd9\x3b\x66\xd6\x88\xbd\xc8\xf4\x2d\x5a\xc7\xd7\x55\x05"
	"\x7d\xaf\xad\x8c\x21\x33\xda\xec\x4e\x6c\x5e\xca\xe4\x0e\x09\x97"
	"\x59\x7f\x24\x3f\xc5\x82\xc5\x45\x05\xab\xd6\x41\xbc\xb0\x67\xc8"
	"\x4d\x25\xe6\x6a\x13\xac\x11\xb5\x75\x2d\xba\x25\x5b\x13\x48\x2d"
	"\x87\xa9\x15\xb1\x68\x18\x8d\xee\xaa\x43\x94\x40\xb6\x8b\xbb\xfd"
	"\x97\x1c\x4d\x0d\x56\xac\x0a\x74\xbf\x05\xa6\x3c\x88\x51\xd5\x3e"
	"\x8c\xa8\x35\x9d\x4e\x7b\x16\x4a\x06\x04\x66\x2e\x82\x39\x47\xdf"
	"\xf1\x05\x76\xac\xba\xce\xd9\x7d\xa7\x4a\x7a\x4a\x7a\x22\xd6\x14"
	"\xb1\x10\x4c\x68\x14\x4c\xf6\xe0\x7f\xf2\x72\x7e\xfa\xfe\x7c\xbc"
	"\x8d\xdb\x2d\x15\x33\x25\x0a\x2a\x20\xb6\x93\x06\xdf\x4a\x6b\x33"
	"\x2f\xf6\xdb\x4f\x4f\xc7\x3f\x1f\xbe\x3f\x5f\x5a\x37\x2f\xeb\x34"
	"\x0a\x56\x21\x37\xfb\xcf\xd3\x4d\x2e\x54\xba\x6b\x38\x8b\x81\x5a"
	"\x5e\x84\x18\x78\x3d\x8b\x15\xfd\x74\xfc\x98\x9c\x5e\x1f\xff\x77"
	"\x02\x46\xcd\x1f\x70\xd1\xfc\xe7\xe9\xb1\xf6\x72\x37\xe9\xbf\x61"
	"\x66\xda\xd9\x69\x66\x77\x02\xa2\x39\xe1\x89\xbf\xab\x7d\x10\x56"
	"\x65\x12\xae\x42\x26\x33\x5f\x98\xce\x29\x62\x31\x10\x7b\xcf\x82"
	"\x9d\xa9\xf9\x95\xd2\x6e\x14\x68\xda\x8b\xab\xb2\x65\x86\xc6\x33"
	"\x3d\xc6\x53\x76\x55\xa7\x61\x9f\x6b\xde\xa3\xb6\x41\x49\x90\x01"
	"\x50\xab\x4f\x06\xaa\xbf\x29\x01\x8b\xbc\x35\xa6\x69\x98\x50\x16"
	"\x45\x1d\xdf\xec\x9c\xed\x42\xed\x56\x5b\x5e\x66\xab\x60\x3e\x45"
	"\x27\xe1\x62\xdb\xa6\x9e\xb4\xf3\xb5\x30\x16\xab\x28\x01\x9d\x4c"
	"\xd3\xb0\xa1\xab\xda\xf1\xd6\x60\x2f\xc4\x0e\x45\x93\xb7\xf8\x46"
	"\x10\x13\x11\xae\xcd\xa2\x34\x15\x12\xbf\x15\x54\x89\xec\x98\x9c"
	"\xad\x59\xce\x32\xd2\xe6\x7f\x9b\xc9\xb7\xfc\x3d\x32\x7b\x00\x7d"
	"\x3e\x3f\xfe\xa5\x12\x0b\x82\xf2\xd2\x1e\x20\xad\xd9\x0f\x5b\x2b"
	"\x02\xa9\x09\xc7\xc4\x04\x0f\x5d\xc7\xb5\x3e\x81\xb2\x66\x9f\x00"
	"\x21\x51\x55\x5b\x20\x1a\x50\xb6\x40\x14\xea\x0e\x6c\x89\x5c\x8c"
	"\xb4\x61\x1c\x32\x59\x54\x48\x62\x07\x40\x6c\xd3\x3c\x34\x25\x33"
	"\x69\x4b\x4a\xd8\x38\xb7\x87\x48\x8b\x96\x1c\xb2\xb1\x3a\x60\x16"
	"\x37\x6d\xc8\x81\x8c\x42\x42\x6a\xb4\x87\x52\xe3\x2c\x68\x27\x0c"
	"\x6e\x3d\xb5\x55\xb1\xc9\x6e\x4b\x58\xb6\xad\xd6\x94\x56\xde\xd4"
	"\x43\xb4\x36\x01\x88\xe3\x21\x44\x58\xb3\x98\x4d\xad\xe5\x20\xc0"
	"\x9b\xce\x0f\x28\x20\x1a\x02\x48\x9b\x12\x00\xcc\x11\x7b\xa9\x2b"
	"\x00\xbb\xa5\xb9\x01\x06\x38\x44\x83\x80\x40\x71\x58\xce\x2d\x17"
	"\x05\x44\x83\x00\x48\x1d\x1d\x8f\x55\x42\xd5\x12\xb9\x62\x6e\xb1"
	"\x18\x40\x28\x16\xcb\xf9\x18\x8b\xa5\x29\xf5\x55\xc3\x80\x07\xb1"
	"\x37\x73\x75\x49\x25\x24\x23\x4b\x11\x1a\x25\x31\x42\x01\xd9\x66"
	"\x20\x51\x69\xf7\x2b\x65\x6e\x10\xee\x3a\xcc\xc4\x50\xcd\xb3\x78"
	"\xd3\x45\xd3\xac\xac\x52\xcd\x3c\x55\x5a\x1b\x95\x58\x9d\x04\x1b"
	"\x92\x66\xb5\xc3\x5c\xef\x53\xf2\xe0\x90\xa5\x69\x2e\x74\x8f\x88"
	"\xa3\x9f\xf4\xf6\xe2\x4f\xc1\xa5\x4e\x3d\xc0\xbb\x3d\x4b\xe3\x80"
	"\x73\xa1\x00\x44\x88\x28\xc1\x5c\x97\x54\x0a\x72\xf5\xa8\x29\x24"
	"\xe0\x5e\xe8\x50\x49\x6d\x9c\xad\x6e\x08\x9a\x3c\xb2\xfc\xed\xf4"
	"\x2a\x57\x03\x83\xb2\x70\x7b\xac\x97\x37\xa5\x59\xc5\x19\x04\x31"
	"\xac\xae\x30\xa5\x0d\x2b\x1e\x92\x2b\x3f\x7f\x7f\xd7\x34\x91\x9b"
	"\x58\xe5\x39\x55\x27\xf8\x7a\x91\x50\x9e\xfc\xd6\x1a\x46\x54\xc6"
	"\xe7\x4d\x37\x21\x9a\x5e\x0e\xb9\xd2\x21\x18\x72\x7b\xc5\xed\x20"
	"\x76\xb4\xa8\xed\x7e\x50\x48\x9a\x46\xd5\x3e\xcd\xef\x48\x5e\xe7"
	"\x6f\x6b\x5f\x1d\xe4\xb9\xd8\x4a\x08\xf8\x74\xea\xb9\x9e\xdb\x75"
	"\xab\x54\x0c\x22\x46\xcc\xa2\x1e\x5e\xa4\x20\x3c\xf3\x90\x5b\x3a"
	"\x95\x3e\x28\x43\xd2\x2e\xf3\xa6\x92\x34\x1e\x01\xc4\x45\x69\x0f"
	"\x23\x8a\xd8\x7c\x8c\xc7\xae\x95\x2c\x8c\xb6\xe9\x24\x8c\xfc\x54"
	"\x0b\x7f\x02\xed\x8a\x37\x25\x72\x29\xa2\xd4\xd8\x01\x80\x63\x4f"
	"\xab\xd8\x47\x72\xec\x42\x2c\xaf\x9c\xe0\xf4\xba\x3a\xf8\xd6\xcd"
	"\x17\xca\x67\x16\xd0\x1e\x87\x66\xbe\x15\xa1\x14\x28\x92\xde\x71"
	"\x9e\x6d\x7b\xd3\x86\x62\xfa\x95\x7a\xbe\x37\x55\x74\xb3\x00\x93"
	"\x03\x7e\x0d\x67\x24\x42\xf9\x96\xc4\x49\xf6\xf0\xf5\x28\x2d\xe4"
	"\xfa\x91\x95\xd4\xd3\x70\x0a\xbd\x2e\x20\x64\x4e\x97\xef\x8d\x52"
	"\x45\x19\x61\xfa\x56\xd5\x00\x10\xda\x63\xb4\x1a\xd8\xc0\x76\x1e"
	"\x11\xdf\x6c\xb7\xe0\xc6\xed\x6c\x07\xb9\x22\xba\x17\x85\x11\xf0"
	"\x1f\xbe\x5d\x3e\x22\xe6\xb8\xd0\x59\x8b\xc8\x1f\xa8\xc5\xae\xb5"
	"\x33\x48\x57\xaa\xb8\xdb\x53\xea\x22\xaa\x35\x16\xb9\x02\x69\xe3"
	"\x13\xca\xaa\x9d\x83\x49\xdc\x88\x7c\xb9\x17\x63\x29\xcb\xb4\xc3"
	"\xf8\x9a\x3f\x48\x6e\x63\x21\xd8\x2b\xd2\x3b\xc3\x23\xd0\x13\xd7"
	"\x90\xa0\xf9\xf1\xe5\x7c\x39\xbe\xbd\x9f\x1f\x8d\x99\xa1\xc0\x17"
	"\x25\x0d\xc4\xac\xcb\xc1\x7a\xae\x7f\x9a\xf5\xf6\xf2\xd1\x3b\x01"
	"\x87\xd3\x8e\x9f\xf9\x8f\x8f\xcb\xf1\x65\x92\x0a\x4d\xfe\xdb\xe9"
	"\xed\x97\xdb\xc6\x2f\xd0\xc1\xfe\xfb\xf9\xe1\x49\x6c\x18\x65\xba"
	"\x30\x43\x0d\x64\x07\x88\x75\x0c\x92\xb4\x96\x71\x86\x75\x51\x5e"
	"\x26\xd5\xb6\x64\x25\x83\xf3\x8a\x82\xf7\xef\xfe\xb8\x1f\xa2\xdd"
	"\x1b\x51\xda\x7b\x40\x2d\xcc\x92\x86\x3d\x27\x20\xf3\xc5\xb4\x79"
	"\xbc\x4d\xd9\x52\x3e\x9f\xba\x66\xc6\x50\x58\x91\xd8\x68\xf7\x7c"
	"\x03\x80\x2f\x16\x04\x25\x7d\xe9\x56\x2b\x66\x31\xa2\xfe\xd4\x17"
	"\x3a\x62\xf3\x45\xc1\xac\x58\x17\x17\x0d\x31\x49\x0b\xd8\x22\xe7"
	"\xdd\xc5\x81\x67\xf8\xaa\x1d\xd9\x5d\xb2\x56\x23\xdd\xcd\x93\xb3"
	"\xa2\xcc\x2a\xce\x73\xf5\x2a\x29\xad\xd3\xb2\xe0\x48\xa5\xe1\x88"
	"\xa7\xff\xc9\xae\x14\x78\x5a\x8c\xfc\xfc\x0e\x73\x24\x03\x75\x29"
	"\x55\xa7\x67\x6b\xc3\x56\x57\x57\x30\x23\x12\x84\xd2\x38\xfb\x3f"
	"\x43\xb3\x1c\x49\xa8\x17\x1c\xe4\x2e\x18\x73\xeb\x03\xe9\x2d\x3b"
	"\xe1\x5e\xec\x19\xc5\x94\x34\x5b\xea\xca\x4e\x64\x65\xd0\x19\x42"
	"\x7b\x52\xd0\x4d\x90\xae\x95\x11\xbb\x3e\x08\xf6\x50\x1e\x66\x61"
	"\xc5\x92\x6e\x3c\xb3\xf6\x99\x40\xe6\xf3\x0e\xd3\xfa\xc8\x12\x26"
	"\x52\x87\xaf\xd4\x78\xa5\xd4\x88\x48\x5e\x95\x09\x12\xae\x42\x71"
	"\x09\x93\x10\x58\xb4\x46\x58\x5d\x22\xfd\xd6\x18\x84\x4b\x67\xfc"
	"\x37\xb1\x65\xd5\xf9\x8b\x95\x4c\x8c\x5f\xb4\x0f\x20\x44\x02\xa7"
	"\x44\xf7\x3d\xbc\x52\x1a\x6d\x4e\x53\xaf\xd5\x00\x64\x14\xce\x4f"
	"\xd5\x81\x66\x87\xc6\x48\x1e\xdd\x57\xb9\xe8\xf9\xb4\xa3\x7e\xf3"
	"\xce\xc9\xae\x2a\x0b\xb0\xad\x45\x37\xf8\xb8\x54\xa8\xbe\x48\xc1"
	"\x3d\xf4\x08\x9c\x84\x64\x60\x18\x2f\x27\x20\xeb\x4c\x4a\x05\x81"
	"\x9a\x54\x09\x29\x42\xb1\xde\x1c\xb2\x76\x24\xe8\x16\x46\x7c\xec"
	"\x3e\x4d\x6c\x50\x7a\xcd\xca\x84\xa0\x2c\x8b\xb0\x6d\x87\x02\xeb"
	"\x00\xd8\x9a\xdf\xb5\x1e\xbf\x6a\x16\x9a\xd2\x00\xa5\x60\x97\x2d"
	"\x2a\x94\xf5\xfa\x2b\xb3\x3b\xf1\x3b\xc4\xb8\xaf\x84\x1a\x0a\x61"
	"\xc5\x55\x2d\xfb\x35\xdc\xc6\xa1\x34\x5c\xc9\x21\x53\xa7\xa9\x61"
	"\xaa\x52\xfa\x57\x50\x15\xd8\x40\xa4\xd4\x0d\x44\x66\x0e\x3b\x4e"
	"\x12\x6d\x6c\xe9\xd7\xf0\x5c\x2c\x6a\xa4\xfb\xfa\x2c\x8c\x3a\xad"
	"\xb8\xe7\xb0\x4f\x51\xef\x86\x4d\x4b\x0f\x2f\x45\xd7\x2d\x01\x49"
	"\x87\x18\x8b\xde\xdd\x06\x3c\x9b\xef\x5a\x7b\xb6\x90\x26\xba\xd7"
	"\x9a\x2c\x40\x5d\x6d\xd5\x8a\x26\xde\x0d\x66\x88\x81\xdf\x79\x89"
	"\xe8\x2a\xa1\x90\x92\xa4\xdb\x5d\x54\xbc\xb5\x82\x64\xc7\xbd\x31"
	"\xce\x63\x1a\x26\xbb\xf4\xae\x7b\x3e\x07\x1e\xde\xfd\xb4\xc3\x40"
	"\x22\x3b\x2c\xed\xb0\xac\x42\x6f\x5e\x88\x79\x1b\xb1\x35\xa1\xf7"
	"\xc8\x13\x5b\xbf\x80\x53\xf0\xce\xe8\x08\xa2\xdb\x62\x6c\x2c\xaf"
	"\x56\x61\x2e\x34\x2d\xbf\xa4\x77\xac\xf8\x0d\x62\xa6\x4e\x11\xa0"
	"\x82\x88\xdd\x41\xb8\x2a\x7e\xb3\x87\x41\x54\xe6\x51\xb0\xa6\xfa"
	"\x30\xe1\x19\x03\xa3\xcf\xfe\x6b\xa1\xe2\xea\x9f\xd6\xa9\x81\x58"
	"\x83\x0d\x92\x37\x30\x6b\x03\x6a\x32\xd5\xec\xa3\xb4\x2b\xbf\xc4"
	"\x17\x15\x4b\xaf\x94\xda\x7e\x58\x40\x84\x5a\xe5\xf8\xd1\x82\x81"
	"\xd5\x14\x8c\x97\x15\xb8\x3b\x86\xac\x9d\x09\x02\xc4\x83\x34\x3c"
	"\x91\xb3\xa9\x5e\xc8\xf5\x3e\x55\x7b\xdc\xae\xf7\xf9\x96\x33\x26"
	"\x27\x69\x98\x6f\x2b\x3f\x0f\x83\x35\x43\x57\xbb\xdf\x0b\xb2\xde"
	"\x79\x28\x59\x19\x6d\x95\xf8\x39\x97\xbf\xce\x11\x13\x90\xf6\xbc"
	"\xf2\xd7\x03\x0c\xb0\xe8\x6e\x7b\x39\x9b\xd0\xe0\xb5\x8a\x9a\xdf"
	"\x67\x05\x92\x82\x5e\xee\xdb\x4b\x99\xfd\x40\xac\x53\x10\x31\x79"
	"\x5b\x91\xe0\xf7\x12\xd9\x0e\xf0\x32\x39\x88\x6e\xce\x09\x92\x84"
	"\x15\xb2\x30\x85\xc6\xdb\xbc\x2c\x55\x3b\xf5\xda\x40\xab\x5d\x5e"
	"\x9f\x8f\xe8\xe9\x49\x24\x45\x59\x22\x56\xe1\x2a\x49\xdb\x14\xb8"
	"\x19\xac\x25\x9b\xd0\x7d\x12\xa6\x9d\xb6\xe8\x17\x87\x42\x8f\x11"
	"\xdb\x4c\x21\x2e\x83\xd1\x3b\xc6\x54\x28\xf1\xbf\x0b\xa5\x07\x67"
	"\xc6\x49\x99\xed\xef\x46\x19\xd5\x7c\xc2\x64\x95\xe2\xbc\x68\x0c"
	"\x39\x3b\xcc\x5f\x4d\x47\xd6\x17\xa5\xe8\x7d\x9f\x8e\x5e\x15\x31"
	"\x1a\xc5\xbc\x53\x03\x31\x6d\xd6\x42\x7d\x13\x8b\x03\xe6\xb6\xa5"
	"\x3f\xe0\x97\x61\x14\xc8\x6c\xcd\x9f\x82\xf3\x30\x06\xef\xe7\xa4"
	"\x8c\x3f\x53\x99\xa0\x18\xed\x57\xa9\x44\x35\x43\x42\x75\xae\x11"
	"\x97\x33\x0a\xf9\x64\xe2\x20\xce\xf9\xc0\xd7\x94\x37\xb7\xe8\xc6"
	"\x57\x61\xe5\x28\xec\xfa\xda\x19\xb9\x49\x59\x96\xc5\x21\xdd\x07"
	"\xf8\x2b\x35\xe5\x75\x94\xa5\x16\x58\xa6\x47\x02\x51\xaa\x1b\xa0"
	"\xe9\x90\x62\xc3\xf4\xf4\x2c\x3a\x39\x0e\xb9\x59\x31\x87\xb0\x12"
	"\x20\x34\x49\x50\xed\x73\x21\x90\xcd\x72\x43\x0c\x46\xb5\xde\x42"
	"\x35\xcc\x92\xc9\xaf\x27\x27\x8a\x90\x9d\xdb\x84\x7f\x6b\x2e\x5d"
	"\x73\x1c\x2a\xf3\x3c\xe1\x19\xa0\x5b\x18\xb3\x4b\xbe\xea\x80\xde"
	"\x0b\xbb\x1d\x78\x7b\x4d\xbf\xf7\x8c\xec\x4d\x18\x18\x9f\xb0\xe4"
	"\x25\x81\x7f\x3f\x60\x94\xd1\x7d\x02\xb4\xce\x4f\x01\xc5\x34\x37"
	"\x9d\x13\xa7\x39\x91\x5f\x5e\x28\x49\x62\x51\xd9\x68\x57\xa1\x19"
	"\x6c\x62\x76\x20\xe1\x9b\xe3\x8d\xfa\xcf\xc9\xfa\xfc\xcf\xe3\xfb"
	"\xeb\xb9\x7d\xbe\x5b\x93\xaa\x75\xba\x6b\x72\xe2\xa5\x49\xc0\x40"
	"\x2d\x6b\xd9\x70\xb7\x40\x46\xdd\x4c\x03\x40\xdd\x39\xd9\x21\xe4"
	"\x52\xac\xdd\x3c\x23\x7a\x30\x0a\xed\x79\xc2\xb9\xd8\x05\x98\x0c"
	"\xd9\x5b\x28\x9a\x95\x75\x0b\xb5\x3d\x52\x08\x96\x0c\x7b\x2d\x6b"
	"\x8c\x3c\xfa\x64\x71\x44\x8a\x4a\x2b\x87\x07\x28\xe4\x9d\xd8\xf7"
	"\x8a\xab\x78\x16\x77\xcb\xdb\x2f\x57\xef\xda\x8f\x42\x28\xa1\x1b"
	"\x76\x45\x19\x5b\xcb\xb3\x40\xbc\xea\x3e\x1b\x69\xae\x6a\x40\xf7"
	"\x7b\xf6\x62\xbb\xf4\x6a\x40\x82\x9c\x25\xa9\xd8\xa4\x0d\xd4\x72"
	"\x9d\x95\xa2\x2d\xc6\x96\xd4\x23\x42\x0b\x13\xa4\x54\xc0\x1a\x20"
	"\x7e\xfa\x7b\x53\xdb\xa0\x5d\x66\xb1\x73\x7b\x58\x2a\xe7\x26\xb7"
	"\xdd\x43\x41\x65\x6d\x64\x63\xd9\xdf\x97\xc7\xf3\x6b\x93\x79\xc3"
	"\x10\xdd\x45\xc1\x45\x53\x69\xd5\x0d\xa1\xab\x23\xba\x91\x26\xea"
	"\x62\x48\x78\xe2\x20\x96\xaf\x35\xa4\xf6\x0c\x10\x9a\x27\x2a\x4e"
	"\x6b\x64\x5e\x78\xcb\x85\x43\x86\x20\x3c\x76\xdd\xa9\x8d\x57\xb3"
	"\x09\x7a\xd9\x89\x22\x92\xe6\x46\xd3\x26\x1d\x27\xfe\x1c\x0a\x39"
	"\x14\xca\x9c\xc8\x2a\x14\x13\x0a\xa8\xdd\xb2\x51\x3a\x6f\x32\x2a"
	"\x0d\x21\x0c\x4c\x46\x0c\x83\xfd\x98\x58\x88\x85\xad\x20\xd9\x36"
	"\x46\xa2\x96\x3b\x55\x81\xe1\x31\xef\x82\x3c\x40\x6c\x10\x14\xcd"
	"\x7c\xf3\xdd\x72\xb8\x91\xcc\x2b\x24\x66\xa3\x6c\x6f\xd1\x60\xc8"
	"\x21\x34\x77\xec\xdd\x81\x07\x4b\x84\x42\x7f\xbf\xb3\xa6\x96\xd9"
	"\x2a\x33\xa6\x8e\xed\x60\xb1\x70\xc8\x62\xe6\xba\x68\x52\xda\x86"
	"\x8e\x47\xf1\x21\x0b\xf4\x52\x3e\x26\xde\x0c\xb1\xfa\x15\xb4\xa5"
	"\xeb\x5a\x03\x34\xa4\x29\x07\x3a\x9b\x22\x6e\xa1\x82\x26\xb6\xbe"
	"\x48\x8e\xd9\xe2\xce\x73\x2c\x1b\xa5\xf9\xc4\xfd\xaf\x4c\xbe\xed"
	"\x39\x6a\xbc\x6d\x2f\x2d\x9c\x84\x99\xc3\x2e\x66\x0b\xdc\x86\x1c"
	"\x67\xb8\x58\x3a\xa8\x79\xb9\xb7\xc0\x48\x4b\x1b\x7d\x6a\x89\xc4"
	"\x4c\xa1\xd2\x5a\xcf\x02\x81\x89\x8c\x7c\x6f\x86\x78\x0d\x86\x09"
	"\xb1\x0f\x07\xf4\xc9\xa8\xa0\xf6\x0c\x09\x58\x23\xa4\xac\x85\xb9"
	"\x36\x03\xcd\x99\x63\x13\x20\x73\x6c\xc4\xf7\x1f\x68\x33\xc4\xf3"
	"\x3d\x21\xe5\x02\x73\x49\xbc\x89\xf3\x10\x6b\xca\x0d\xb2\x1b\x84"
	"\x14\x1d\xaa\x76\x1d\x93\x0b\xa2\x96\x84\x30\x84\xae\x9b\x7a\x96"
	"\x99\x61\x43\x46\xec\xe2\x15\xd9\xb2\x2d\xc7\x1b\xa4\x7b\x7c\xea"
	"\x0e\x72\x98\x5b\x7c\x8e\x44\x2d\x97\x08\x2e\xa4\x91\x3b\x40\xf6"
	"\xe6\x1e\xe2\x42\xb2\x9a\x5b\xd3\xee\xe8\x50\xd3\xf1\xe5\xed\xf9"
	"\xf4\xe7\xa9\x37\xf9\x3c\x67\x6e\xf0\x5c\xf8\x76\x7c\x91\x41\xa6"
	"\xb9\xc1\xc0\xbf\x88\x88\xd0\x8f\x37\xb5\x6c\x36\x8f\x52\xb2\x45"
	"\x0f\x4a\x76\x5f\xbc\x65\x3f\x4c\xd0\xe6\xf4\xd4\xf8\x61\x82\x53"
	"\x8b\xb2\xbe\xd3\x2c\x2c\x6e\xab\x81\x5a\x43\xe3\xd8\x10\x6b\x85"
	"\xf3\xac\x61\xd3\x67\x21\x17\x0a\x9e\xd5\x6c\x3a\x29\xfd\x34\x0f"
	"\x07\x21\xb4\x1e\x94\xf8\xc2\x64\x96\x3b\x9d\x63\x86\xfa\xae\x33"
	"\x9f\xa2\x24\xd4\x83\xc5\x9d\xd9\x16\x4a\x9a\xcd\x71\x12\x66\xf7"
	"\xef\xba\x4b\x3b\xc7\x69\x0e\x4e\x9b\xa2\x2d\x9b\xdb\xb3\x1c\x5d"
	"\xcd\x80\xee\xa1\x15\x5d\x20\x6b\x0b\x90\xe6\x16\x4e\x42\xeb\x32"
	"\x20\xc8\x1d\xd4\x7b\xc9\xf3\x10\xb7\xa7\x78\x6e\x3b\xc8\xac\x17"
	"\xb2\xd1\xb5\x50\xb1\xe9\x7a\xc8\x77\x13\xa2\x71\xb6\x40\x6c\x2a"
	"\x81\xb6\x44\xc4\xa6\x9a\xc2\x9d\xf8\x38\x57\x6f\xaf\xa7\xef\x2f"
	"\x2f\x3f\xea\x0b\xea\xe6\xee\x7a\xf5\x7e\xfc\xbf\xef\xc7\xd7\xc7"
	"\x1f\x57\x47\x9f\x7f\x83\x7b\x45\x10\xf0\x7f\x64\x51\xd4\xa0\x94"
	"\x95\x91\x34\xbd\x78\xb8\x9c\xdf\xff\x11\x9c\x3e\x2e\xef\xa7\x3f"
	"\xbe\x83\x63\x53\xc7\x2f\xa8\x13\x85\x44\x85\x04\xf8\xf6\xf0\x71"
	"\xfc\x35\x12\x3c\x8e\x4f\x93\xe8\x7c\x7e\x9b\xfc\x2c\x98\xff\x32"
	"\xf9\xf3\xfa\xf2\x8f\xd6\xcb\x75\x86\x2b\xb1\x9a\x4d\xff\x2b\x77"
	"\x22\x74\xda\x00\x15\x8b\x1d\xd2\x50\xe7\x43\xce\x6a\xe8\x5c\x3d"
	"\xe4\x7c\xe6\x62\x2a\xef\xda\x42\x9e\x6b\x89\xa9\xf5\x7d\x9e\x8e"
	"\xe8\xac\x0a\x82\xaa\xac\x61\xb1\x76\x3a\xee\x35\x4a\x58\x1e\x1f"
	"\x9e\x2f\xdf\x5a\xc2\xb9\x29\x7d\xbf\x4c\xf2\x87\xcb\x71\x12\x9f"
	"\x5f\x4f\x97\x6e\x4f\xae\xd8\x6c\x86\x4d\x0c\x49\x9b\x61\x63\xdc"
	"\x99\x5a\xa6\x5a\x7c\x7f\x39\x3d\x9d\x2e\x3f\x8c\x9f\x2d\xb6\x1d"
	"\x64\x05\x0b\x36\x05\x12\x0f\x62\x13\x80\x5e\x64\x56\x34\x36\x45"
	"\x89\xcc\x33\x1e\x2e\x30\x9d\x16\x48\x76\xbf\xe2\xa1\x98\x02\x17"
	"\x08\x33\xf7\x72\x7c\xf8\xf8\xfe\xfe\xff\x95\x3d\x5b\x73\xdb\x38"
	"\xaf\x7f\x25\xd3\xa7\x73\x66\xf6\xe2\x7b\x9c\x87\x3e\x50\x17\x5b"
	"\xaa\x75\x8b\x48\x39\x76\x5e\x34\xdd\xd4\xdb\x66\x76\x93\x74\x72"
	"\xf9\xbe\xdd\x7f\x7f\x00\x52\xb2\x49\x8a\xa0\x7d\x66\xba\xdb\x9a"
	"\x80\x78\x05\x41\x00\x04\x81\xc3\xd3\xe1\xf9\xfd\xea\x03\x66\xcc"
	"\x41\x79\xb3\x91\x8f\xb6\x66\xa4\xba\x94\x02\x81\x90\x7a\x41\x07"
	"\xa6\x18\xe9\x26\xdf\x11\x1c\x31\x2d\xb6\x6d\x5e\x35\x8b\xd1\x9c"
	"\xae\x5c\xc7\xa1\x5a\x40\x9c\x34\xcc\x27\xa3\xc5\x68\x82\xb4\xe8"
	"\xab\x48\xd2\xea\x99\xc6\x14\x3d\x53\x8d\x75\xfa\x19\xcf\xa7\xd3"
	"\x51\x96\x24\x97\xbf\xe7\x63\xd1\x17\xd8\x4d\x53\x82\x5c\x58\x06"
	"\x1c\x9b\x88\x2c\xc4\xaa\x88\xdf\x50\x21\x4c\x25\x90\xf2\x22\x0e"
	"\x92\x31\xf5\xf4\x0c\x41\xc4\x82\x87\xf9\x74\x32\x26\xc2\xd3\x20"
	"\x8c\x38\x5a\x00\x34\x25\xd4\x07\x00\x2d\x16\x84\x8e\xb7\xae\x26"
	"\xac\x02\xca\x66\xa3\x91\xfb\x9d\xbc\x7c\xdb\x38\x26\x0e\x1f\x5d"
	"\xaf\x26\x7c\x71\x35\x94\xaa\x26\x9c\x0a\xbf\x70\x06\x92\x30\x11"
	"\x71\xa4\xaa\x47\x64\x74\x50\x51\x53\x81\x3d\x81\xd5\x00\x1b\x22"
	"\x56\xad\xac\x04\x2c\xe8\x98\xb0\xa4\x8f\x27\x93\x11\x09\xe6\xe9"
	"\x78\x3c\x23\x55\xdb\xe9\x94\x78\x01\x25\x42\x3e\x9d\x11\x0f\x31"
	"\x24\x8c\x88\x1d\xd6\xbf\x30\x95\x8f\x48\x17\xe4\x23\xd2\xd9\x9c"
	"\x88\x74\xd2\xf0\xf9\x78\x39\x71\x1f\x1c\xdb\xb0\xc8\xc8\x29\xda"
	"\xc6\x79\xb6\x18\x5d\x0f\x39\x5e\xfe\xf5\xfb\xf3\xe1\x5d\x99\x7c"
	"\x9c\x1b\x6d\x43\xba\xc4\x4b\x10\x21\xba\x6d\x46\x37\x37\xc4\xe6"
	"\xec\xac\x42\x39\x5b\x17\x1e\x36\x78\xc2\x21\x4d\x24\x6c\x3d\xa5"
	"\x82\x3a\x69\x54\x8a\x75\xc4\xa2\xcc\x63\xbc\x5e\x9d\x92\xf1\x94"
	"\xa7\xf3\x09\x91\xa7\xad\x63\x52\xb2\x2f\xf4\x81\xdc\xaf\x6c\x92"
	"\x87\x73\x50\xd1\xc9\x91\xd9\x78\xd6\xe8\xba\x53\xe8\xe1\xef\xc7"
	"\x67\x7a\x4d\x74\x85\xa7\x08\xb3\xb4\xf0\x8f\x4e\x43\xef\x2e\xee"
	"\xea\x52\x30\x3b\x0b\x99\x21\x78\xfd\x7c\x79\x87\x93\xef\xd1\x61"
	"\x09\x04\x05\x74\x49\x88\x0a\x28\xf2\xce\x08\x6b\x08\x8a\xb5\xe3"
	"\x29\x2d\x0e\x53\x04\x2f\xaa\x0c\x24\x0c\x47\x18\xaa\xd7\xc3\x1b"
	"\x1e\xd0\xae\xe9\x09\xf2\x8a\x4a\x91\x62\x70\x2f\x2a\x87\x5c\x52"
	"\x51\x03\xac\xb2\xf1\xd8\x63\xd3\x53\x60\x92\x5e\xab\x0c\xe8\x95"
	"\x7a\xc2\x32\x5f\x10\xdb\x05\x41\xd3\x6b\x1f\x65\xd2\x23\x11\x73"
	"\x4a\xac\x4b\x2a\x38\xe1\xdd\xc3\xb8\xaf\x18\x1c\x4a\x0b\xf7\x59"
	"\xfc\x8c\xef\xd6\x5d\x6c\x82\x4f\x6f\x4c\xbb\x54\xb7\x4c\x2f\xff"
	"\x3c\x3e\x11\x92\x60\x96\x46\xac\x86\xff\x8b\x98\x0a\x09\xc4\x77"
	"\x37\x73\x87\x78\x29\x0e\x4f\x3f\x51\x55\x21\xd6\x1f\xe8\x30\xcd"
	"\xd5\x05\x5c\x19\x96\x0d\x95\x77\x35\xcf\x76\x37\xa3\x05\xc5\xc4"
	"\xf3\x6a\x44\x18\xa6\x05\xdf\x73\xe2\x34\x91\x20\x82\x3d\x17\xc2"
	"\xed\x7d\xb2\xcd\x63\xfb\x7d\xef\x31\x81\x41\xae\x67\x33\xc8\x8f"
	"\x61\x43\x4f\x87\x1b\x14\xe2\xbb\x0a\xeb\x22\xd2\x80\xcb\x60\xd6"
	"\xcb\xb9\xbb\xfe\x41\x44\x2c\x59\x26\xd2\x36\xab\x5c\x57\xe3\x69"
	"\x7d\x8b\x69\x86\xcd\xfb\xbb\xb5\xee\x26\xd4\x15\x48\x37\xcb\xa2"
	"\xfe\x3c\xb6\xcb\xb7\x93\x7c\x88\xbc\x9d\xba\xca\x40\xc7\xe1\xce"
	"\x72\x16\x66\xb6\x83\x59\x52\xde\x75\x09\x0e\xb0\x8f\xda\xac\xb1"
	"\x5a\xa4\xc8\xe9\xf0\x6a\x34\xac\x1a\xd3\x91\xb0\x32\x2d\x80\x5d"
	"\x51\xe7\x58\x4d\x78\x51\x75\x08\x8b\xeb\x91\xfb\xd3\x33\x4f\x99"
	"\x10\x31\x27\x3c\x99\xd3\x0a\xdd\x30\xdd\xb4\x80\xfe\x21\xe8\x39"
	"\x56\x88\xba\xcc\x32\xd3\x61\x4e\xc1\x98\x48\xae\x89\x58\x71\x12"
	"\x1e\xc4\x75\x46\x64\x82\x55\x08\x59\x15\x8e\x97\x44\x38\x70\x85"
	"\x91\xc7\xbc\xf4\xd5\x50\xa5\x5c\x30\x20\x90\xd2\x83\xc3\xcb\x10"
	"\x1f\xce\xfb\x30\x44\x4e\x05\x30\x54\x70\x74\x7f\xa2\x2c\xa0\x2a"
	"\x60\xb7\xc2\xf4\xd4\x81\x61\xc0\xdc\x0f\xee\xf3\xa1\x71\x05\xf3"
	"\xbc\xf1\x8f\x3f\xde\xe4\x7b\x81\xd3\x7d\x6e\xe7\x82\x69\xe7\x87"
	"\xc3\x44\x72\xd5\x8e\xb5\x93\x65\x91\xcb\x8c\x7f\xee\x9d\xa9\x63"
	"\x35\x3c\x98\x90\x8f\x6f\x36\x65\xc1\x24\x06\x99\x6f\x4e\xa6\xae"
	"\x93\x17\xca\xd5\xed\x72\xb4\x98\xb5\x9c\x09\xe6\xc7\x4c\x25\xe6"
	"\xce\x8f\x29\x9f\xe3\xba\xf8\x46\x5f\x4b\x63\x71\x23\x74\x2e\x08"
	"\x89\xc7\x5b\x79\x38\xb4\xa9\x56\x87\x57\x0c\x25\x29\xc3\xbc\x3c"
	"\x29\xbb\x84\x16\x08\x4a\xdb\xf8\x95\xf9\x20\xa5\x66\xc4\x71\x97"
	"\x34\x45\x14\xd7\x41\x99\x89\x0b\x42\x67\x28\x8f\x2e\x8d\xc3\x74"
	"\xb1\x30\x82\x14\x2b\x41\xb7\x44\x12\xd6\x87\xec\xfb\xf4\xc7\x23"
	"\x46\xeb\xfe\xe5\xc7\x7f\xbb\x7f\xfc\xe7\xf9\x9b\xfa\xd7\xa7\x61"
	"\x8c\x8d\x53\xbd\xfe\xd7\x3e\x59\x1a\x14\xdb\x28\xcd\x5d\xbe\x25"
	"\xc5\xd6\x72\x0a\x97\x05\xea\x60\xa0\x6e\x3a\x6e\x57\xa0\xa8\xb9"
	"\x3e\xc2\x0b\x14\x1e\x51\x5e\x84\xc4\x91\xa2\x82\xfc\x89\xa1\xaa"
	"\x2e\x77\x75\x28\x83\x95\x7f\xc0\xd9\x8c\x31\x91\xf8\x30\xa8\x97"
	"\xbd\xf7\x2d\xa9\x98\x73\xf3\x4e\x26\x76\xd1\x5f\xb1\x82\x4d\x57"
	"\xcc\xe7\xd3\xf6\x14\x3a\xb1\x07\xed\xaa\xb6\xba\xd6\x01\xaa\x6f"
	"\x8f\xaf\x4f\xf2\xa1\xe6\xc0\x29\x43\x52\x17\xc7\x04\x2e\x77\x83"
	"\x27\x4f\x61\x95\xa2\x8e\x2b\x40\x88\x70\x5f\x5f\xaf\xd2\x3a\xbf"
	"\x43\xb7\x57\x98\xce\x9c\xa0\xfb\xd5\x5d\x1b\xae\xd6\xfe\x15\xe2"
	"\xb0\xcd\x17\x33\x2b\x18\x81\x7a\x75\x15\x86\x56\x8c\x19\x2e\x9d"
	"\x14\x08\x37\x67\x71\xdf\xf9\xf6\x6a\x41\xda\x1d\xfa\xc5\xea\x11"
	"\xc3\xe0\x48\x76\xa6\xfb\xa7\x28\x8f\x98\x3b\x74\xdb\x3b\xbe\xf1"
	"\xd4\xfd\x23\x26\x2d\xe1\x98\x00\xb0\xa9\x3b\xc1\x24\x40\x66\x46"
	"\x66\x31\x59\xd0\xf0\x18\x3d\x8e\x65\x9d\x56\x1b\x88\xdd\x62\x66"
	"\xc0\x1d\x1e\xf3\x74\x8d\xea\x4d\x45\x2a\xf6\x56\xd5\x71\x21\x1d"
	"\x6d\x53\xdd\x61\xa6\xff\xc4\x07\x43\xad\x88\x84\xab\x28\x89\x51"
	"\xca\x65\x22\x19\x57\xcc\x7a\xc4\xa2\xbc\xe9\x4d\x97\xbf\xae\x41"
	"\xa8\xf0\xd4\xc8\x97\x20\x32\xe6\x01\x7f\x93\xd5\x61\xe2\xb7\x40"
	"\x2e\x95\x29\x03\xa4\x3c\xae\x31\x87\x97\x7b\x89\xbe\xd0\xa0\x1d"
	"\x0d\x5a\xaf\x38\xb9\xe8\x70\x8e\xd3\xc0\x40\x78\xfa\x52\xa4\xd9"
	"\xf0\xd3\x7e\x74\x13\xf9\x9d\xf6\x6c\x18\x0b\xd0\x6d\x7d\x58\x0a"
	"\x7f\x76\x4c\x88\x7a\x58\x7c\x24\xa0\x21\x48\xa3\x9b\xd3\x1e\x45"
	"\x18\x4c\x28\x48\x5f\xbe\x4e\x99\x04\x62\x7e\xad\x52\x3c\xa4\x85"
	"\xf4\x39\x26\x84\xa4\x15\x26\x8e\xd9\xb9\x97\x54\xef\xb1\x46\x56"
	"\x48\x68\x2b\xde\xa5\xf2\x2a\x2b\x67\xe7\xd2\x4c\xbe\xa8\x33\xdf"
	"\x51\xa2\x8f\x20\x3e\x0d\xdb\x13\x70\x62\x3b\xac\xb8\x7a\x0e\xa6"
	"\x79\x9b\xd9\x05\x69\xf7\x60\x0c\x7d\x05\x8d\x69\x60\x0a\xe0\x62"
	"\x72\x4d\x29\xb4\x37\xa6\xf2\x27\x06\xc1\x94\x6f\x5c\x1c\x8f\x6f"
	"\x64\x02\xbd\x0e\x0d\xf8\x6b\xa1\x7a\x7e\x92\xa1\x25\x80\x7c\xbc"
	"\x22\xa1\xa2\x8e\x8d\xfd\x71\xbb\xca\x45\xbb\x75\x25\x0c\x54\x90"
	"\x89\xd5\xbd\x50\x18\x2b\xc1\x1a\x51\xae\xf8\x8c\x20\x0f\xc9\xcf"
	"\x0c\x6e\x19\x5a\x69\xb9\xdd\x5e\xe2\xea\x3b\xd4\x5e\x6a\x11\xa6"
	"\x75\xd8\xe8\xf9\xe3\xca\x2d\x08\xec\x6c\xaf\x2a\xee\x82\x06\x3e"
	"\xfc\x38\x18\x9a\xee\x8a\x4b\x46\x30\xbc\xa4\x8f\x7e\x85\x23\xff"
	"\xf7\x68\x1b\x49\x5e\x7f\x62\xf5\x9a\x19\xb8\xbc\x59\x2c\x46\xd4"
	"\x16\x6d\xa2\x95\x05\x52\xe6\xa1\x92\xff\xbe\x62\xe2\xf7\x42\x58"
	"\xf5\x1e\x69\xc0\xdc\xa6\x39\x87\x2f\x8c\x92\xad\x8d\x82\xbf\xfb"
	"\x0c\x29\x61\x19\xc5\x15\x26\xb3\x9c\x4d\xaf\x5d\xf0\xb4\x44\x77"
	"\x79\xcc\xb7\xf9\xe9\xf1\xed\x65\xb9\x9c\xdf\xfc\x3a\xfe\xa4\x53"
	"\xe0\x09\xb5\x11\xab\x25\xa1\x86\x0f\x18\x93\x92\x45\xdf\x0e\x1f"
	"\xdf\x5e\xae\xfe\x74\x0d\x0b\x1f\x16\x5b\x0b\x2c\x8b\x36\xb6\x27"
	"\x83\x0e\x44\x4d\x44\xe8\x9e\xbf\x58\x88\xa3\xeb\x1f\x8c\x0d\xaa"
	"\x03\xcd\x29\x43\x97\x50\xaa\xc6\x46\x97\x56\xd1\xad\x5b\x9f\x47"
	"\x2b\xa5\x88\xc8\xab\xc1\x4f\x17\x5b\x54\x80\x9e\x8d\x9e\xcc\x43"
	"\xcd\x1a\xb6\x67\x40\x50\x47\x07\x95\xa3\x71\x74\x56\x3e\x31\x49"
	"\x18\x07\x7d\x7d\xcd\x0a\x91\xaa\x61\xeb\x61\x73\xfa\x7c\x93\x3a"
	"\xa9\xc0\xe9\xaa\xf2\x59\xcb\x37\x25\xc6\x64\x97\x35\x2b\xd6\x31"
	"\x7d\xa0\xb0\xc8\x03\x5b\x0d\x60\xc7\xb0\x5a\xc8\xfe\x4c\xe9\xa4"
	"\x2f\x42\x41\x8b\x5b\xa1\x65\xbb\x3c\x72\x26\x1d\x24\x74\xcb\x00"
	"\x52\xdb\x9d\x38\x22\x3d\x03\x0a\x68\x90\xe7\x2b\x10\xfd\x08\x48"
	"\x58\xb3\x9c\x00\xf1\xdb\x86\xf1\x84\x00\x6e\x3d\xb2\x01\xbe\xa8"
	"\xdd\x91\xc2\x41\xee\x99\x97\x8a\x86\xdd\x16\xbb\x99\x17\xba\xa0"
	"\xa1\xb5\xa3\xd1\x7e\xfb\x60\x96\x5c\xfd\x80\x91\xbf\xdb\x7b\x50"
	"\xb5\xd0\x5d\x48\x1a\x50\x8d\xed\xa8\xe0\xd9\x7d\x79\x04\xbb\xb5"
	"\xe4\x1e\x6f\xe6\xc4\x33\xb1\xe0\x17\x2f\xb3\x61\x2f\xaa\x9c\xaf"
	"\x07\x85\xb5\x19\x72\x0d\x36\xc5\x96\xe4\xd5\xd4\xa8\xe1\x84\xc5"
	"\x40\x2c\xd4\xae\x2a\x3c\x12\xda\x8a\x48\x3c\x19\xc6\x55\x42\x7d"
	"\x14\xa6\x54\x6d\x61\x45\x7e\x53\x46\x8c\xde\xb9\xd4\xb8\xf4\xa7"
	"\xc3\xf0\xa3\x67\xfa\xc6\xa9\xa0\x81\xfb\x63\xa5\x85\x63\xc5\x98"
	"\x00\x1d\x76\x4d\xd8\xd8\x4d\x24\xe2\xba\xcb\x40\x5a\x12\x77\xc4"
	"\x16\xd2\xe4\x12\xa4\x8b\x9a\xbb\xa0\xe3\x54\x3e\x44\x0b\x69\x7c"
	"\x09\xd2\x25\x1d\x27\xae\x36\x2d\xa4\xd9\x25\x48\x97\x4c\x01\xe1"
	"\x24\x6c\x21\xdd\x9c\x47\xba\x99\x5e\x50\xd3\xcd\x25\x0b\x7c\x33"
	"\xbd\x60\x9e\x6e\x66\x17\xf4\x69\x79\x4d\xcf\x13\x88\x71\x48\xf0"
	"\xed\xf2\x7c\x35\xe3\xc9\x25\xdd\x06\x2c\x9a\x08\x18\x0f\xd3\xd4"
	"\xbd\x21\x8f\x3d\x19\xdb\x3b\xac\x07\x4c\xce\x0e\x62\x7a\x16\xe3"
	"\xfc\x44\xcc\xcf\x62\x2c\xce\x62\x5c\x9f\xc5\xb8\x39\x8b\x31\x3e"
	"\x3f\x98\xf1\xf9\xd1\x8c\xe9\xe1\x6c\xca\x74\xd9\xd6\x7e\x70\x43"
	"\x82\x31\x4d\x04\x9c\x97\x44\xf2\xe3\x1e\x23\x8c\x33\x41\xd8\xaf"
	"\x4f\x28\xa0\xbe\x35\x75\xe9\x47\xaa\x4b\x26\xd2\x73\x8d\xed\xeb"
	"\x34\xcb\xce\x34\xb7\x66\xf1\x59\x14\xd0\xfc\x36\x5e\x8c\x14\xc6"
	"\x65\x45\x3a\x19\xe2\x14\x0d\x11\x43\xcc\x98\xbe\x73\x83\x02\x3d"
	"\x6f\x93\x3a\xb3\x75\x22\x06\x2a\x29\xc6\xfb\xac\x2c\x77\x5a\xbc"
	"\x6c\x9d\x49\x95\x74\xf6\x28\xd3\x60\xa0\x74\x20\xd0\x1b\x31\x6d"
	"\x39\x95\x73\x43\xa1\x75\x0f\x43\xe9\x77\x91\x7d\x6d\x18\x73\x05"
	"\x64\x14\xb2\x6b\x3e\xf5\xcd\xc4\xd0\x14\xb8\x8f\xf7\x3f\x97\x9f"
	"\xcc\x9c\x11\x0d\xcb\xd2\x7b\xb7\x5f\xc2\xe6\xf0\xfa\x7c\xf8\xfb"
	"\xea\xc7\xd7\x87\xbf\x1e\x9f\xbf\xf7\x6e\x8d\x3f\x5f\x1f\x9f\xdf"
	"\xff\x92\x99\xb1\xbe\x3d\x1d\xde\xbe\x0f\xd3\x91\x48\x4b\xc2\x46"
	"\xc6\x98\xd0\xc3\x15\xa0\x6c\x8f\x46\x91\x75\x16\x6f\xe5\x14\x28"
	"\xf9\x61\x66\xbe\xad\xed\xbf\x96\xf3\xe9\x76\x58\xdc\x17\x2c\x4f"
	"\xbd\x01\xbf\xd5\xec\x95\x51\x23\xad\x30\x2c\x92\x8f\xa6\x87\x0a"
	"\xfb\xcb\xd3\x4f\xd0\x3c\x7f\x7d\x7f\x7c\x3a\x5c\x81\x96\xff\xf0"
	"\xd7\x9b\x1c\xd6\x83\x2a\x7f\xd5\x46\x66\x55\x6d\x57\xd7\xcf\xbb"
	"\x8c\xbb\xd3\xe6\x0d\x17\xca\xb2\xa5\x69\xdc\x20\x5b\xc6\xd2\xae"
	"\xf2\x79\x32\x9a\x2d\x75\x93\x7f\x9d\x56\xe8\x8c\x07\x94\x93\x13"
	"\x32\x76\xcc\x22\x15\xff\x8c\x88\xa1\xd8\x14\x0d\x97\xa4\x97\x07"
	"\x25\x71\x05\x2a\xcf\x99\xf2\xae\x70\x86\xf7\x50\x83\xb2\x74\xac"
	"\x18\xdf\x38\x77\x16\x3a\xcf\x2c\x73\x65\x7b\x43\x55\x32\xc7\xe7"
	"\xdd\xce\x7b\x06\x13\x45\x4e\x43\x5b\x16\xd9\x5e\xbf\x69\x96\xe5"
	"\x85\xe8\x66\xaa\x2a\xa5\x89\x8a\xdb\x33\xd8\x95\x9b\x0f\x2c\x65"
	"\xef\x55\x30\x8d\x98\x6d\xf0\xd6\xd9\x4e\x25\x7b\xf2\x5e\x4a\xa5"
	"\x91\x40\xbf\xae\xd6\x0a\x8f\x7b\x46\xad\xe4\xe7\xd1\x3f\x63\x73"
	"\x8e\x8e\x41\x17\x94\x1b\xd7\xe1\xe9\xe5\xf5\xdf\xab\xe8\xf0\xc7"
	"\xc7\xf7\xef\x6a\x8b\x98\x13\x1e\xef\x44\x5c\x70\xca\x34\xa9\xaa"
	"\x44\x44\x19\x7b\x9d\x5e\x37\x18\x34\x2f\xd1\x20\x77\xa6\x1a\xa0"
	"\x94\x95\x07\xa5\x0c\xd0\x50\x4a\x68\xa4\x59\x13\xa8\x40\x25\xae"
	"\xc7\xd5\x78\x35\xd2\x4d\x00\xbe\xbb\x85\x49\x1e\x2e\x40\x0f\xf1"
	"\xd1\x8a\xc0\xbb\xf6\x86\x33\x22\xe2\x88\xc2\xda\xe6\xbe\x4d\xad"
	"\x42\x55\x81\x1a\x2c\x7c\x93\xa1\x28\x00\x83\xe3\x91\xe3\x91\x14"
	"\xb7\x61\x9c\x19\x76\x65\x59\xe0\xa9\x19\x66\x58\x46\x92\xf1\x59"
	"\x60\x36\x61\x69\xa4\x8e\xc5\xdf\xbe\x59\x49\xac\xb4\x48\xca\xea"
	"\x87\x44\x75\x85\xfe\xfd\x1f\x3f\x15\x5b\x4a\xbe\x3e\x7f\x37\x5d"
	"\x79\xca\x70\xd3\x54\x5d\xc0\x32\xe2\xe5\x8f\x0c\x28\xd3\xca\xcb"
	"\xf9\xb0\xa9\xf1\x19\xb9\xb2\x9a\x13\xfd\xc1\x9a\xda\xa4\x29\xd6"
	"\xad\x60\xdc\xbd\x94\x77\xb7\xce\x38\x0e\xc3\x16\x4b\xb7\xe9\xdc"
	"\x80\xb7\x5b\x96\x35\xb0\xcf\x4c\x60\x17\x1c\xee\xf3\xfc\xc8\x41"
	"\x80\x0b\x45\x76\x4c\x43\x55\x68\xc7\x1a\x39\x56\xaf\xc0\xd4\x11"
	"\x71\x9a\x17\xd1\x8a\xa4\x2e\x05\xda\xc5\x5d\xa7\xad\xac\x66\x10"
	"\x89\x4e\x55\xae\xe8\x19\x23\x08\x9d\xe3\x92\x38\xa2\x4d\x1c\x57"
	"\x67\xf6\x70\x8d\xa1\xd6\x87\xd7\xe8\x48\x05\x27\x2e\x73\xf5\x3f"
	"\x6f\x5d\xe4\xdb\xb7\x5f\xae\x9e\x3e\xde\x0f\xff\x1c\xe0\x1f\x87"
	"\xf7\x87\xdf\x7e\xfb\xed\x7f\x87\x67\x15\x0c\x30\x6f\x44\xbc\x8b"
	"\xb9\x8f\x06\xbb\x30\xb8\xbe\x9d\x77\xb6\x92\xbb\x3b\x85\x04\xcc"
	"\xa4\xbc\xab\x98\x48\x3c\xb8\xf2\x6e\xc5\xc3\xf6\x64\x98\xcd\xee"
	"\x02\x85\xb0\xbb\x61\xf4\x34\xc1\x7c\x6c\x80\x89\x12\x05\x05\x9e"
	"\xc1\xcc\x9f\xe9\x0b\xa6\xb2\x60\x55\x7a\x74\x12\xe0\x74\xa3\xb0"
	"\xd5\x54\x98\x11\xcb\x97\xe0\x94\x18\x23\xdc\xc8\xd8\x6a\x3a\xc1"
	"\xc8\x23\x0f\xc6\x0b\x67\x35\x8f\xe3\x08\x88\x47\x45\x9f\xf3\x74"
	"\x6b\xa3\xf8\xb5\x9f\x1f\xc3\x7f\x5b\x74\xbe\xe0\x46\x70\x89\x01"
	"\xc4\x1e\x71\xca\xbd\xec\x33\x3d\x87\xc1\x7d\x64\xdc\x07\x93\xf4"
	"\xd1\x4a\x58\xc3\x24\x14\xa0\x9f\x64\xc3\x5b\x81\x3a\x6c\x88\x33"
	"\x55\x52\x05\x82\x9d\x47\x58\x85\x52\x2e\x82\x7b\x29\xc1\xed\xaf"
	"\x42\x2c\xdf\x49\xdc\xc2\x0a\xe2\x7a\xe5\xc7\x38\x43\x05\x88\x22"
	"\xc3\x6c\x0b\x5c\xf4\x9e\xa1\x4d\xc6\x3a\xfc\xc4\xaa\x10\xe9\xf3"
	"\xc8\x6a\x00\x49\x88\x6c\x3e\xbe\xe5\x67\x05\x60\xe0\xd4\x4a\x2a"
	"\xaa\x07\xf2\x90\x85\xa9\xae\x3a\x65\xea\x86\x78\x4b\xe4\x56\x81"
	"\xc1\x24\xa5\xa8\x32\x75\x8e\x8b\xb8\xf7\x8b\x73\xab\x62\x1d\x09"
	"\x60\xf0\x69\xe9\x30\xed\xbd\xa2\xbd\xe0\x1a\x37\x83\x16\x8b\x70"
	"\x2f\x4a\x57\x5c\x90\xa2\xac\xba\x68\x86\x96\x3b\xc7\xaa\x29\x94"
	"\xe8\xe9\x87\xae\x6b\x56\x25\x6e\x9c\x5e\xd9\x58\xf5\x3b\xda\xa8"
	"\x40\x16\xb6\xb9\x94\x08\xba\xe0\x4b\x16\x0a\x5e\x48\x49\x0a\x40"
	"\x4c\x49\x96\xdc\xce\x7f\xd1\x7d\xa8\x6a\xb1\xc2\x33\xaa\x80\xed"
	"\x5a\x76\x7a\x99\x72\xc7\x0a\x69\xd9\x85\xf4\x03\x7c\xe3\xea\x04"
	"\xd7\x07\x97\x94\xdf\xa5\x28\x74\xdb\xc3\x43\x97\xa8\x53\x20\x25"
	"\xf3\x0d\x77\x2d\x5c\xf1\x8d\x07\x2d\xf4\xce\x78\x76\xd5\x1d\xa2"
	"\xe6\xb4\xd1\xaf\xf4\x80\x2f\x5a\x2b\x44\x1c\x06\xf2\x58\xc4\x70"
	"\x75\x72\xa8\xc4\xe3\xbc\xfa\x96\x97\xab\xd5\x05\x15\xf9\x50\xd4"
	"\xc1\xee\x41\x48\xee\x30\x6e\x8e\x07\xa1\x23\x8a\x6e\xe1\x09\x9f"
	"\x39\x15\x7a\x93\x17\x20\x9f\x26\xa5\x8b\x7f\x04\x70\x3c\xc0\xa2"
	"\x75\x91\x9a\x80\xc2\xcd\x1c\x1d\x7d\x39\x2b\x0a\x7c\x55\x80\x82"
	"\x8e\xfc\x80\x38\x9f\x8f\xe8\x40\x89\x5e\x44\x25\xd1\x78\x46\x17"
	"\x64\xa8\x9a\x6f\x5b\x19\x15\x85\x62\x50\x32\x10\xbe\x63\xad\x34"
	"\x56\xa2\x42\xe2\x28\xca\xd4\xc2\x51\x0d\x66\x11\x83\x77\x82\x8c"
	"\x4b\xb2\xe2\xd3\xbe\x6a\x03\x60\x10\x09\x06\x05\x76\x33\xcd\xd3"
	"\xce\xf9\x7f\x60\x5e\xd6\x3e\x88\x80\x4d\x8e\xca\x86\xbc\xf5\xa1"
	"\x77\x4e\x37\x25\x7d\x2c\x1b\x75\xd8\x7d\x3c\x4b\xfb\x83\x38\xbc"
	"\xbd\x5b\xc7\x5d\xb6\x89\x08\x7f\x40\xec\x8e\x3c\xa2\x5b\x6e\xa5"
	"\xe8\x3c\x2d\x54\x2f\x85\x48\x91\xc6\x73\x96\x05\xe8\xb5\xe1\xc9"
	"\x22\x86\x07\x29\x48\xe9\xad\x1f\x4d\x79\x7a\xd3\x70\x25\x8a\xa1"
	"\x9b\xac\xcf\x0b\x53\x8e\x2b\x89\x77\x76\x48\x6f\x13\x01\x4d\x26"
	"\x05\x5a\x28\xb2\x8a\x12\x32\x24\xde\x06\x10\x05\xf1\x5a\x4e\x22"
	"\x48\x53\xd3\x8a\x86\x07\xa9\xa0\x3c\x0c\x25\xbc\x69\xd2\x88\x86"
	"\xd6\xa0\x0b\x26\xc2\x8e\xc4\x6c\x8d\x95\x11\x09\xb5\x30\x21\x31"
	"\xca\xa3\xf4\x19\xaf\x68\x60\xe3\x21\x10\x74\x16\x82\x53\xa0\xda"
	"\x7b\x46\x58\x79\x86\xdf\x7b\x5a\x7a\x5a\xa0\xad\x74\xa0\xa8\xfb"
	"\x97\x19\x85\x08\x38\x3b\x36\xf1\x9e\xfb\x35\xb4\x88\x09\x86\x71"
	"\x3e\xeb\xa6\x22\xc5\x03\x69\xde\xb8\x0c\x95\x33\x8c\xe0\x75\xc6"
	"\x2c\xb0\x96\x01\x78\x4f\x1a\x3c\xfc\xf6\x69\xfc\x4d\xc0\x19\x88"
	"\x71\xd0\x63\x91\xde\x4b\x36\x6b\xfa\xb5\x76\xb6\xad\x1e\xb1\x28"
	"\xdb\xa2\xc9\xdc\x92\x93\xc4\xf0\xb5\x05\xdc\x17\x1d\x89\x53\x2e"
	"\xd5\xa7\xbb\xd8\xb0\x45\xe3\xd6\x08\x45\x87\x43\xe5\xf3\x80\x5d"
	"\x58\x09\x72\x8b\x55\x29\x2a\xd5\xbd\xf4\x90\x46\xb5\xa7\x1a\xa5"
	"\xc3\xe0\x90\xa5\xa4\x01\xc7\xaf\xf5\x02\xc0\x32\x15\x8a\xde\x28"
	"\x5b\x97\xc5\xce\x56\x58\x58\x96\xae\x41\x1f\x2f\x71\x11\x2d\xb7"
	"\x60\xe4\x1b\x6a\x64\x41\x8d\x16\xbe\x20\x5e\xe1\x7d\x7d\xce\x36"
	"\x54\x86\xaf\x3a\xe6\xe9\x3a\x19\xaa\xd2\xfc\xf0\xf0\xf1\x8a\x4f"
	"\xa3\x06\x56\x6b\x24\x44\xe3\x88\x05\xde\x02\x1c\x16\x45\x2b\x00"
	"\x21\xc7\xe1\x64\x20\x59\x92\x88\x3b\x77\x3f\x38\x9f\x49\x14\x00"
	"\xb4\x51\xd2\x96\xd0\x9e\x34\xc3\x7b\x72\xe7\x09\x2d\x77\xde\x2f"
	"\xf8\x60\x11\x9d\xf9\x95\x63\x71\xfc\xfc\xf0\xfa\xaf\x1c\x12\x7c"
	"\xd7\x0d\x91\xce\xa5\x57\xad\x5c\xab\x54\xad\x36\x66\xc8\x7e\xe5"
	"\xb4\x89\xd9\xbb\xb9\x7c\xc3\x21\x97\xc0\x6d\xe0\x55\x98\x52\x6d"
	"\xea\x0e\xb9\x1e\x5f\x4f\x24\x37\xf4\x02\x3d\x7e\x8a\x11\x37\xa5"
	"\x91\x3b\x29\x4b\x2a\xe5\x64\x87\xeb\xf4\x4f\x38\x56\xd4\x39\x60"
	"\x38\x1b\xe9\x9d\x33\x76\xab\x3a\xf7\x36\xd1\xda\xe6\x8b\xfe\x48"
	"\x96\xf9\xa6\xe0\xa0\xc7\x90\xc1\x2c\x8a\xea\xcf\xd3\xc9\xf5\x62"
	"\x69\x70\x90\x84\xd5\xa0\xda\xc2\x92\x37\x32\x6d\x79\xb5\x57\x76"
	"\x0e\x33\xf9\xc2\x89\xd7\x0c\xd0\x75\xa4\x21\xe8\x24\x88\x0e\x9a"
	"\x41\x13\x30\x28\xc1\x2e\xee\x01\xdb\x45\x25\x1c\x28\x9b\x5a\x57"
	"\x63\x8e\xe3\x85\x63\x39\x2d\x9a\x9d\x73\xd6\x3a\x98\xbc\x9e\x91"
	"\x31\x52\xfd\x53\xd7\xa3\x47\x29\x27\xd2\x10\x0c\x51\xf1\x46\xa8"
	"\xac\xe8\x7e\xb5\x6c\x1b\xda\x51\xc3\x07\x38\xd2\x08\x07\x72\x25"
	"\x3e\x1f\xb0\x0d\x8b\x27\xe4\x9c\x85\x6e\xe2\x90\x10\x0c\x88\x5d"
	"\xac\x9b\xea\xcc\x10\x25\x2a\x50\x13\xc8\x7b\x94\x9d\xc1\x42\x66"
	"\x95\x0a\x35\x0e\x3c\x8e\x7a\xe5\x7f\xfc\x02\x64\xa5\x72\x5f\xfa"
	"\x71\xa0\x3e\x60\x8c\xe5\x99\xb6\xf1\xf2\xab\x22\x1e\xa0\x1d\x91"
	"\xf6\xcc\x99\x90\x12\x25\xbf\xb5\xbd\x5f\x8f\x85\x6a\x24\x68\x02"
	"\xf1\x7d\xda\xb2\x26\x4a\xcd\x4c\x3c\x39\x11\x0a\x72\x9b\x3b\x0f"
	"\x0e\x65\x1c\xf0\xd1\xe9\x10\x27\x67\xa4\x25\xd3\x42\xb5\xc2\xfa"
	"\x10\x68\x9f\x3f\xbd\x1d\xfe\x7e\x7c\xfe\xf8\xe7\xe8\xe1\xa4\x02"
	"\x8b\x1f\x7d\x84\x91\xf5\xbe\x5c\x3d\xbc\xbc\x1e\xae\x5e\x5e\xaf"
	"\x7e\x1c\xfe\xfe\x29\xa3\x01\x19\xc8\xc0\x05\xd6\x46\x56\x05\xa3"
	"\x78\x32\x2c\x8f\x59\xe4\x2c\x1c\xa2\x82\x52\x16\xa6\x55\xa2\xab"
	"\xe0\x36\x64\xf8\x11\x8a\x9e\xce\xc2\x21\x6a\x6d\x98\x15\x8e\x65"
	"\x4e\xc4\xe3\xbd\xee\xa0\xeb\x64\x4f\x18\xd5\xfb\x4d\x55\x39\xb0"
	"\xd1\xe9\xcf\xd1\x34\x37\x84\x86\xae\x34\x22\xd2\xd5\x2a\x68\x1c"
	"\x46\x2e\x26\xdf\x41\x73\x56\x00\x43\x1d\xf6\xaa\x2b\x9f\x38\x9a"
	"\x43\x56\x7c\xb6\xc2\x9e\x31\x1e\x13\x2e\x99\x58\xeb\xd5\x78\xb2"
	"\xcc\x9b\x6c\x00\x40\x91\xd1\x59\xe8\xea\x49\x25\xff\xa6\xfb\x82"
	"\xc7\xa0\x4c\x8c\x34\xa8\x51\xfe\x15\x39\xaa\xcc\x15\x84\xae\x93"
	"\x35\x22\x89\x8b\xd0\xf1\x29\x61\x24\xed\xbf\x43\xa3\x82\xd2\xe6"
	"\xfa\x1d\xc5\x3e\xde\x7f\x60\x2c\x84\x87\xaf\xef\x87\x6f\xba\x70"
	"\xf3\xdf\xc7\xf7\x1f\x57\xec\xed\xed\xe5\xe1\x51\x82\xa2\xaf\xef"
	"\x5f\x07\x3b\x2d\xd4\xc3\x87\xf7\xd3\x6a\xe6\x23\xea\x31\x13\x06"
	"\x7f\x26\xa3\xaa\xcc\xf6\xe3\xe9\x68\x4e\x77\x92\xc7\xb7\x7a\x5e"
	"\xc7\x23\x05\x25\x2c\x2d\x24\x40\xa5\xad\x92\x41\xbd\x9e\x5e\xbe"
	"\x1d\xde\x86\xbd\x0a\xc2\xe1\x64\x8b\xda\x51\xc6\x1d\xed\x04\x8e"
	"\xde\x67\xf5\x9d\x8f\xbc\x2b\x68\x91\x1e\xd0\xce\xbc\xd1\xea\xb7"
	"\x5c\xbc\xbf\xab\x09\x9d\xb7\x5f\xae\x08\xc3\xe0\x9b\xb1\xed\xbb"
	"\xcc\x8c\x6f\x3f\xa8\xb1\x03\x4b\x1e\x32\x1b\x57\xe1\x4e\x4d\x93"
	"\xdd\xe8\x36\x77\x04\x60\x8b\x1e\xbf\x1f\xde\xde\x87\x8d\xd5\xe1"
	"\x74\xe2\x98\x6b\x2c\x76\xd1\x40\x1d\x8a\xf1\x28\x4a\x57\xf4\x5c"
	"\xad\x3b\x66\x39\x98\xe1\xb3\x64\x93\x47\xb3\x21\x03\x89\xe6\xae"
	"\xed\x95\x02\x2d\xc5\x19\xfe\xed\x9b\xfd\x3a\x8f\x80\x3f\x9c\xc3"
	"\x20\x3c\x4f\x4f\x18\x93\xf9\xe2\x0c\xc6\xd4\x8c\xd4\x65\xed\x86"
	"\x84\x8d\x07\xe3\x82\x42\xa8\xd6\x55\x3c\x1f\xbb\x26\x1e\x00\x53"
	"\x5f\x27\xc4\xba\x1e\xdf\x4c\x7c\x18\x77\xd5\x7c\x3c\x0c\x53\x12"
	"\x3e\xfe\xfc\x61\xa6\xec\xec\x0f\x4f\x17\xc5\xb3\xa2\x09\x52\xee"
	"\xe1\x4e\x75\x38\x73\x7c\x16\x80\xee\x4d\xa7\x43\xef\x28\x8b\xe5"
	"\x71\x96\xa5\xcc\x8f\xc3\xc5\xfc\x1c\xc2\x82\xee\x5e\xe4\x1c\xd4"
	"\x6a\xc0\xfe\x07\x1b\x3d\x61\xf7\x2c\xf2\x61\x70\x90\x53\xd9\xc4"
	"\x4b\x48\x3d\xfb\xf4\x56\x13\xc7\xfe\x66\xe2\xba\xa2\xb2\x70\x1c"
	"\x8f\x0f\x46\x4f\x00\x68\x74\xb8\x0e\x03\xb2\xeb\xca\xbb\xc8\xa4"
	"\x5a\x1a\xf1\x9f\x18\xc5\x46\x05\x59\xb4\xa7\x72\x85\xd7\x4c\x83"
	"\x9a\xb2\xfb\xd2\x31\xc5\xcb\xd9\x84\xee\x54\x76\xef\xa2\x19\x28"
	"\x4d\xbc\x9b\xfb\x9e\x9b\xe7\xab\xb2\x10\x7f\x7d\xfe\xf6\xf2\x74"
	"\x55\x7c\x3c\xfd\x01\xda\x7e\x17\x30\xd2\xd5\x7f\x56\xf0\xb4\x0d"
	"\x2b\x97\xb4\x16\xd5\x01\x9a\xe4\x8a\xc6\x0d\xe9\x38\xf1\x40\x7a"
	"\x92\x30\xe6\x27\x72\x89\x04\xe7\x98\x87\x44\x01\x63\xd0\xee\x97"
	"\x54\x80\xe6\x84\x49\xe1\x2c\xbd\x56\x13\xa5\xa4\x05\xf4\x5c\xfb"
	"\x47\x44\xde\x89\x91\x17\x21\xd7\x84\x5b\x81\x8d\xc7\xdc\xf9\x73"
	"\x34\x71\xd9\x4a\xc8\xd2\x43\xee\x5c\xf3\x19\x6f\x41\x36\xf1\x1e"
	"\xae\x88\x72\x1b\xc6\xbe\xfd\xde\x25\x29\x90\x19\xb6\xc2\x21\xb5"
	"\x2a\x84\x5e\x3f\x71\xd6\xae\xb2\x17\xb8\x9a\xc6\x57\x9c\xc3\xa4"
	"\x49\x44\x0f\x8c\x7c\x53\x8c\xef\xf3\x3c\x46\x8b\x8f\xb4\x68\x89"
	"\x7d\xe5\x06\x56\x4d\x90\x75\x38\xbc\x09\x4c\xb4\xdd\x7c\x74\xd3"
	"\x86\x31\x9a\x2a\xd2\x10\xaf\x98\xe5\x8d\xbe\x26\x21\x55\x9b\x90"
	"\x5f\x1f\x5d\x49\x8f\xd0\x93\x5d\x4b\xc2\x95\xf1\x3f\xde\x13\xb1"
	"\xe7\xd6\x68\x34\xa9\x62\xf5\x46\x77\x1b\xd7\xaa\x31\x97\x03\x6c"
	"\x88\x71\x29\xff\x94\x42\xe8\xdb\xd5\x9f\x18\x27\xe3\xf1\xfb\xb3"
	"\x8a\x80\x24\xdd\x45\xd5\x7d\x4d\x6f\xf0\x56\x96\x4d\xae\x4c\x7a"
	"\x9f\x3f\x3d\xc0\xc7\x6f\xbf\xe3\x17\x80\xd6\xfe\x75\xf8\xf7\xb7"
	"\x9f\x87\xa7\x4f\xda\xcb\x41\x4c\xe2\x24\x6a\xcc\x40\x15\xf5\x16"
	"\x46\xe3\x65\xa1\x05\xe7\x9f\x3f\x7d\x32\xde\x26\x21\x3c\xde\x89"
	"\x9a\xe9\x53\x46\x69\xfa\x65\x11\xb1\x7a\x6f\xb7\xe7\xb4\x33\xa3"
	"\xb5\x95\xa0\x1f\x3c\xf6\x7b\x8c\xd8\x79\xfe\xd3\x50\x29\x43\xd1"
	"\x60\x38\x9c\x2f\x03\x3a\xa5\x7b\x03\x01\xd4\x09\x0f\x42\x11\x97"
	"\x85\x13\x45\xca\x87\x0a\xe9\x04\x0b\xd2\x02\xe7\x4d\xdd\x14\xf5"
	"\x87\x48\xf6\xf8\xc7\xeb\xd7\xd7\x7f\xaf\x5e\x5f\x3e\xde\x1f\x9f"
	"\x75\x71\x37\x48\x45\x1d\x03\x4d\xf1\xd8\x65\xea\x73\x41\x95\xd1"
	"\x97\x65\xc3\x5b\x75\x2e\xea\x22\xac\xf6\xed\xaa\xc6\xa8\x2f\xc6"
	"\x3e\xd0\x51\xb2\xb8\x20\xa0\x45\x2c\xec\x9c\x8f\xc7\xf0\x39\x61"
	"\x8a\x59\x7f\x59\x35\x04\xa5\xa5\xe5\x95\x8b\x0f\xa6\xc3\xbc\xda"
	"\x85\x89\x72\x80\xaa\x63\x3d\xf5\x79\x1d\xc2\x82\x00\x2f\x37\x8a"
	"\xc6\x0b\x93\xbf\x84\xad\x47\xc2\x86\x26\x45\xd3\x9a\x15\xd8\x82"
	"\x3a\xae\x8c\xeb\xe6\xd0\x44\x00\xc6\x12\x07\xfb\xa5\xe3\x53\x05"
	"\x99\x11\x9c\x57\xa2\xb0\xfa\x8e\xda\x3f\x0a\x23\x48\x29\x21\x25"
	"\xbc\x76\x99\x8a\xd3\xe0\xa8\x88\xe8\xb8\x4b\xd7\xa6\x43\x2b\xd9"
	"\x30\xbd\xa4\x2a\x96\x8b\x80\x46\x0f\x46\xa2\x0c\xa0\x5a\xd4\x1e"
	"\xbc\xa1\xf1\xcf\x9e\x7c\x91\x09\xa7\x98\x29\xfc\xc8\xd2\x81\x48"
	"\xa4\xbf\xce\x34\x4b\xa3\xd8\x55\x3e\x6b\xdd\xa5\x06\xf6\x29\x2a"
	"\xc6\x3d\x02\xdc\x01\x33\x24\xa8\x0d\xc2\x2f\x4e\x83\x5d\x5f\x5b"
	"\xbb\xbe\xd7\x43\xa5\x69\x80\x00\x00\x13\x27\x24\xbb\xd7\x93\x71"
	"\x1b\x80\xd9\x70\x7f\x38\x8c\xf9\x75\x8c\xce\xa0\x65\x56\x1a\x29"
	"\x83\xf4\x52\xbc\x08\x5a\x12\x20\x68\x50\x03\xe1\x45\x1a\x8f\x71"
	"\xcd\x5d\x65\xed\x46\xcf\xaf\xab\x95\x07\xb9\xb3\x78\xc5\xf5\xc8"
	"\x6f\x9c\x97\x61\xaa\x32\xca\xb2\xba\x66\xc6\x4d\x03\x47\x7e\x10"
	"\xe7\x76\x11\xfa\xef\xb4\x06\x9f\x90\x77\x90\xfa\x84\xe1\xbd\x7f"
	"\x6d\xa0\x44\xb7\x99\xfe\x56\xd4\x0c\x17\x12\x66\xf7\xad\x60\xa6"
	"\x39\xa3\xac\x23\x42\xeb\x8d\x88\xfb\x47\x74\x06\x02\xed\xdb\x15"
	"\xac\x26\xaf\x52\x20\x5d\x8d\xdc\xd2\x60\x15\xe9\x31\x1e\xd2\x08"
	"\x16\x60\x9d\x02\xf3\x34\xaf\xa2\xd0\x85\x30\x4b\x9d\x17\x5c\x18"
	"\x67\xab\xcc\x2c\xc6\x88\x33\x01\x10\x69\x02\xd2\x4e\x6e\xe5\x35"
	"\xa0\x27\xf1\xc4\x8c\xcc\x21\x2c\xb3\xe1\x67\x75\x2c\x1d\xde\xf1"
	"\xcb\x43\xa6\x38\xbc\x27\x1f\xcf\x18\x8c\x94\xdb\xd1\xb9\x80\xb1"
	"\x27\x0d\xfa\x65\x0c\x3d\xac\x4e\xa0\x18\x63\x31\x16\x32\x74\x1b"
	"\x89\xc3\x23\x6f\x15\x32\x70\x27\x0d\xc6\xb4\x4c\x1e\xf0\x1d\x88"
	"\x24\x20\xfb\xa7\x78\xe0\x69\x78\xff\x07\xb2\x0a\xf2\xdc\x0a\x68"
	"\x02\x00"
MAGIC_END;
